N_requested,M,L_realised,delta
2,2,2,0
3,2,3,0
4,2,4,0
5,2,5,0
6,2,6,0
7,2,7,0
8,2,8,0
9,2,9,0
10,2,10,0
11,2,11,0
12,2,12,0
13,2,13,0
14,2,14,0
15,2,15,0
16,2,16,0
17,2,17,0
18,2,18,0
19,2,19,0
20,2,20,0
21,2,21,0
22,2,22,0
23,2,23,0
24,2,24,0
25,2,25,0
26,2,26,0
27,2,27,0
28,2,28,0
29,2,29,0
30,2,30,0
31,2,31,0
32,2,32,0
33,2,33,0
34,2,34,0
35,2,35,0
36,2,36,0
37,2,37,0
38,2,38,0
39,2,39,0
40,2,40,0
41,2,41,0
42,2,42,0
43,2,43,0
44,2,44,0
45,2,45,0
46,2,46,0
47,2,47,0
48,2,48,0
49,2,49,0
50,2,50,0
51,2,51,0
52,2,52,0
53,2,53,0
54,2,54,0
55,2,55,0
56,2,56,0
57,2,57,0
58,2,58,0
59,2,59,0
60,2,60,0
61,2,61,0
62,2,62,0
63,2,63,0
64,2,64,0
65,2,65,0
66,2,66,0
67,2,67,0
68,2,68,0
69,2,69,0
70,2,70,0
71,2,71,0
72,2,72,0
73,2,73,0
74,2,74,0
75,2,75,0
76,2,76,0
77,2,77,0
78,2,78,0
79,2,79,0
80,2,80,0
81,2,81,0
82,2,82,0
83,2,83,0
84,2,84,0
85,2,85,0
86,2,86,0
87,2,87,0
88,2,88,0
89,2,89,0
90,2,90,0
91,2,91,0
92,2,92,0
93,2,93,0
94,2,94,0
95,2,95,0
96,2,96,0
97,2,97,0
98,2,98,0
99,2,99,0
100,2,100,0
101,2,101,0
102,2,102,0
103,2,103,0
104,2,104,0
105,2,105,0
106,2,106,0
107,2,107,0
108,2,108,0
109,2,109,0
110,2,110,0
111,2,111,0
112,2,112,0
113,2,113,0
114,2,114,0
115,2,115,0
116,2,116,0
117,2,117,0
118,2,118,0
119,2,119,0
120,2,120,0
121,2,121,0
122,2,122,0
123,2,123,0
124,2,124,0
125,2,125,0
126,2,126,0
127,2,127,0
128,2,128,0
129,2,129,0
130,2,130,0
131,2,131,0
132,2,132,0
133,2,133,0
134,2,134,0
135,2,135,0
136,2,136,0
137,2,137,0
138,2,138,0
139,2,139,0
140,2,140,0
141,2,141,0
142,2,142,0
143,2,143,0
144,2,144,0
145,2,145,0
146,2,146,0
147,2,147,0
148,2,148,0
149,2,149,0
150,2,150,0
151,2,151,0
152,2,152,0
153,2,153,0
154,2,154,0
155,2,155,0
156,2,156,0
157,2,157,0
158,2,158,0
159,2,159,0
160,2,160,0
161,2,161,0
162,2,162,0
163,2,163,0
164,2,164,0
165,2,165,0
166,2,166,0
167,2,167,0
168,2,168,0
169,2,169,0
170,2,170,0
171,2,171,0
172,2,172,0
173,2,173,0
174,2,174,0
175,2,175,0
176,2,176,0
177,2,177,0
178,2,178,0
179,2,179,0
180,2,180,0
181,2,181,0
182,2,182,0
183,2,183,0
184,2,184,0
185,2,185,0
186,2,186,0
187,2,187,0
188,2,188,0
189,2,189,0
190,2,190,0
191,2,191,0
192,2,192,0
193,2,193,0
194,2,194,0
195,2,195,0
196,2,196,0
197,2,197,0
198,2,198,0
199,2,199,0
200,2,200,0
201,2,201,0
202,2,202,0
203,2,203,0
204,2,204,0
205,2,205,0
206,2,206,0
207,2,207,0
208,2,208,0
209,2,209,0
210,2,210,0
211,2,211,0
212,2,212,0
213,2,213,0
214,2,214,0
215,2,215,0
216,2,216,0
217,2,217,0
218,2,218,0
219,2,219,0
220,2,220,0
221,2,221,0
222,2,222,0
223,2,223,0
224,2,224,0
225,2,225,0
226,2,226,0
227,2,227,0
228,2,228,0
229,2,229,0
230,2,230,0
231,2,231,0
232,2,232,0
233,2,233,0
234,2,234,0
235,2,235,0
236,2,236,0
237,2,237,0
238,2,238,0
239,2,239,0
240,2,240,0
241,2,241,0
242,2,242,0
243,2,243,0
244,2,244,0
245,2,245,0
246,2,246,0
247,2,247,0
248,2,248,0
249,2,249,0
250,2,250,0
251,2,251,0
252,2,252,0
253,2,253,0
254,2,254,0
255,2,255,0
256,2,256,0
257,2,257,0
258,2,258,0
259,2,259,0
260,2,260,0
261,2,261,0
262,2,262,0
263,2,263,0
264,2,264,0
265,2,265,0
266,2,266,0
267,2,267,0
268,2,268,0
269,2,269,0
270,2,270,0
271,2,271,0
272,2,272,0
273,2,273,0
274,2,274,0
275,2,275,0
276,2,276,0
277,2,277,0
278,2,278,0
279,2,279,0
280,2,280,0
281,2,281,0
282,2,282,0
283,2,283,0
284,2,284,0
285,2,285,0
286,2,286,0
287,2,287,0
288,2,288,0
289,2,289,0
290,2,290,0
291,2,291,0
292,2,292,0
293,2,293,0
294,2,294,0
295,2,295,0
296,2,296,0
297,2,297,0
298,2,298,0
299,2,299,0
300,2,300,0
301,2,301,0
302,2,302,0
303,2,303,0
304,2,304,0
305,2,305,0
306,2,306,0
307,2,307,0
308,2,308,0
309,2,309,0
310,2,310,0
311,2,311,0
312,2,312,0
313,2,313,0
314,2,314,0
315,2,315,0
316,2,316,0
317,2,317,0
318,2,318,0
319,2,319,0
320,2,320,0
321,2,321,0
322,2,322,0
323,2,323,0
324,2,324,0
325,2,325,0
326,2,326,0
327,2,327,0
328,2,328,0
329,2,329,0
330,2,330,0
331,2,331,0
332,2,332,0
333,2,333,0
334,2,334,0
335,2,335,0
336,2,336,0
337,2,337,0
338,2,338,0
339,2,339,0
340,2,340,0
341,2,341,0
342,2,342,0
343,2,343,0
344,2,344,0
345,2,345,0
346,2,346,0
347,2,347,0
348,2,348,0
349,2,349,0
350,2,350,0
351,2,351,0
352,2,352,0
353,2,353,0
354,2,354,0
355,2,355,0
356,2,356,0
357,2,357,0
358,2,358,0
359,2,359,0
360,2,360,0
361,2,361,0
362,2,362,0
363,2,363,0
364,2,364,0
365,2,365,0
366,2,366,0
367,2,367,0
368,2,368,0
369,2,369,0
370,2,370,0
371,2,371,0
372,2,372,0
373,2,373,0
374,2,374,0
375,2,375,0
376,2,376,0
377,2,377,0
378,2,378,0
379,2,379,0
380,2,380,0
381,2,381,0
382,2,382,0
383,2,383,0
384,2,384,0
385,2,385,0
386,2,386,0
387,2,387,0
388,2,388,0
389,2,389,0
390,2,390,0
391,2,391,0
392,2,392,0
393,2,393,0
394,2,394,0
395,2,395,0
396,2,396,0
397,2,397,0
398,2,398,0
399,2,399,0
400,2,400,0
401,2,401,0
402,2,402,0
403,2,403,0
404,2,404,0
405,2,405,0
406,2,406,0
407,2,407,0
408,2,408,0
409,2,409,0
410,2,410,0
411,2,411,0
412,2,412,0
413,2,413,0
414,2,414,0
415,2,415,0
416,2,416,0
417,2,417,0
418,2,418,0
419,2,419,0
420,2,420,0
421,2,421,0
422,2,422,0
423,2,423,0
424,2,424,0
425,2,425,0
426,2,426,0
427,2,427,0
428,2,428,0
429,2,429,0
430,2,430,0
431,2,431,0
432,2,432,0
433,2,433,0
434,2,434,0
435,2,435,0
436,2,436,0
437,2,437,0
438,2,438,0
439,2,439,0
440,2,440,0
441,2,441,0
442,2,442,0
443,2,443,0
444,2,444,0
445,2,445,0
446,2,446,0
447,2,447,0
448,2,448,0
449,2,449,0
450,2,450,0
451,2,451,0
452,2,452,0
453,2,453,0
454,2,454,0
455,2,455,0
456,2,456,0
457,2,457,0
458,2,458,0
459,2,459,0
460,2,460,0
461,2,461,0
462,2,462,0
463,2,463,0
464,2,464,0
465,2,465,0
466,2,466,0
467,2,467,0
468,2,468,0
469,2,469,0
470,2,470,0
471,2,471,0
472,2,472,0
473,2,473,0
474,2,474,0
475,2,475,0
476,2,476,0
477,2,477,0
478,2,478,0
479,2,479,0
480,2,480,0
481,2,481,0
482,2,482,0
483,2,483,0
484,2,484,0
485,2,485,0
486,2,486,0
487,2,487,0
488,2,488,0
489,2,489,0
490,2,490,0
491,2,491,0
492,2,492,0
493,2,493,0
494,2,494,0
495,2,495,0
496,2,496,0
497,2,497,0
498,2,498,0
499,2,499,0
500,2,500,0
501,2,501,0
502,2,502,0
503,2,503,0
504,2,504,0
505,2,505,0
506,2,506,0
507,2,507,0
508,2,508,0
509,2,509,0
510,2,510,0
511,2,511,0
512,2,512,0
513,2,513,0
514,2,514,0
515,2,515,0
516,2,516,0
517,2,517,0
518,2,518,0
519,2,519,0
520,2,520,0
521,2,521,0
522,2,522,0
523,2,523,0
524,2,524,0
525,2,525,0
526,2,526,0
527,2,527,0
528,2,528,0
529,2,529,0
530,2,530,0
531,2,531,0
532,2,532,0
533,2,533,0
534,2,534,0
535,2,535,0
536,2,536,0
537,2,537,0
538,2,538,0
539,2,539,0
540,2,540,0
541,2,541,0
542,2,542,0
543,2,543,0
544,2,544,0
545,2,545,0
546,2,546,0
547,2,547,0
548,2,548,0
549,2,549,0
550,2,550,0
551,2,551,0
552,2,552,0
553,2,553,0
554,2,554,0
555,2,555,0
556,2,556,0
557,2,557,0
558,2,558,0
559,2,559,0
560,2,560,0
561,2,561,0
562,2,562,0
563,2,563,0
564,2,564,0
565,2,565,0
566,2,566,0
567,2,567,0
568,2,568,0
569,2,569,0
570,2,570,0
571,2,571,0
572,2,572,0
573,2,573,0
574,2,574,0
575,2,575,0
576,2,576,0
577,2,577,0
578,2,578,0
579,2,579,0
580,2,580,0
581,2,581,0
582,2,582,0
583,2,583,0
584,2,584,0
585,2,585,0
586,2,586,0
587,2,587,0
588,2,588,0
589,2,589,0
590,2,590,0
591,2,591,0
592,2,592,0
593,2,593,0
594,2,594,0
595,2,595,0
596,2,596,0
597,2,597,0
598,2,598,0
599,2,599,0
600,2,600,0
601,2,601,0
602,2,602,0
603,2,603,0
604,2,604,0
605,2,605,0
606,2,606,0
607,2,607,0
608,2,608,0
609,2,609,0
610,2,610,0
611,2,611,0
612,2,612,0
613,2,613,0
614,2,614,0
615,2,615,0
616,2,616,0
617,2,617,0
618,2,618,0
619,2,619,0
620,2,620,0
621,2,621,0
622,2,622,0
623,2,623,0
624,2,624,0
625,2,625,0
626,2,626,0
627,2,627,0
628,2,628,0
629,2,629,0
630,2,630,0
631,2,631,0
632,2,632,0
633,2,633,0
634,2,634,0
635,2,635,0
636,2,636,0
637,2,637,0
638,2,638,0
639,2,639,0
640,2,640,0
641,2,641,0
642,2,642,0
643,2,643,0
644,2,644,0
645,2,645,0
646,2,646,0
647,2,647,0
648,2,648,0
649,2,649,0
650,2,650,0
651,2,651,0
652,2,652,0
653,2,653,0
654,2,654,0
655,2,655,0
656,2,656,0
657,2,657,0
658,2,658,0
659,2,659,0
660,2,660,0
661,2,661,0
662,2,662,0
663,2,663,0
664,2,664,0
665,2,665,0
666,2,666,0
667,2,667,0
668,2,668,0
669,2,669,0
670,2,670,0
671,2,671,0
672,2,672,0
673,2,673,0
674,2,674,0
675,2,675,0
676,2,676,0
677,2,677,0
678,2,678,0
679,2,679,0
680,2,680,0
681,2,681,0
682,2,682,0
683,2,683,0
684,2,684,0
685,2,685,0
686,2,686,0
687,2,687,0
688,2,688,0
689,2,689,0
690,2,690,0
691,2,691,0
692,2,692,0
693,2,693,0
694,2,694,0
695,2,695,0
696,2,696,0
697,2,697,0
698,2,698,0
699,2,699,0
700,2,700,0
701,2,701,0
702,2,702,0
703,2,703,0
704,2,704,0
705,2,705,0
706,2,706,0
707,2,707,0
708,2,708,0
709,2,709,0
710,2,710,0
711,2,711,0
712,2,712,0
713,2,713,0
714,2,714,0
715,2,715,0
716,2,716,0
717,2,717,0
718,2,718,0
719,2,719,0
720,2,720,0
721,2,721,0
722,2,722,0
723,2,723,0
724,2,724,0
725,2,725,0
726,2,726,0
727,2,727,0
728,2,728,0
729,2,729,0
730,2,730,0
731,2,731,0
732,2,732,0
733,2,733,0
734,2,734,0
735,2,735,0
736,2,736,0
737,2,737,0
738,2,738,0
739,2,739,0
740,2,740,0
741,2,741,0
742,2,742,0
743,2,743,0
744,2,744,0
745,2,745,0
746,2,746,0
747,2,747,0
748,2,748,0
749,2,749,0
750,2,750,0
751,2,751,0
752,2,752,0
753,2,753,0
754,2,754,0
755,2,755,0
756,2,756,0
757,2,757,0
758,2,758,0
759,2,759,0
760,2,760,0
761,2,761,0
762,2,762,0
763,2,763,0
764,2,764,0
765,2,765,0
766,2,766,0
767,2,767,0
768,2,768,0
769,2,769,0
770,2,770,0
771,2,771,0
772,2,772,0
773,2,773,0
774,2,774,0
775,2,775,0
776,2,776,0
777,2,777,0
778,2,778,0
779,2,779,0
780,2,780,0
781,2,781,0
782,2,782,0
783,2,783,0
784,2,784,0
785,2,785,0
786,2,786,0
787,2,787,0
788,2,788,0
789,2,789,0
790,2,790,0
791,2,791,0
792,2,792,0
793,2,793,0
794,2,794,0
795,2,795,0
796,2,796,0
797,2,797,0
798,2,798,0
799,2,799,0
800,2,800,0
801,2,801,0
802,2,802,0
803,2,803,0
804,2,804,0
805,2,805,0
806,2,806,0
807,2,807,0
808,2,808,0
809,2,809,0
810,2,810,0
811,2,811,0
812,2,812,0
813,2,813,0
814,2,814,0
815,2,815,0
816,2,816,0
817,2,817,0
818,2,818,0
819,2,819,0
820,2,820,0
821,2,821,0
822,2,822,0
823,2,823,0
824,2,824,0
825,2,825,0
826,2,826,0
827,2,827,0
828,2,828,0
829,2,829,0
830,2,830,0
831,2,831,0
832,2,832,0
833,2,833,0
834,2,834,0
835,2,835,0
836,2,836,0
837,2,837,0
838,2,838,0
839,2,839,0
840,2,840,0
841,2,841,0
842,2,842,0
843,2,843,0
844,2,844,0
845,2,845,0
846,2,846,0
847,2,847,0
848,2,848,0
849,2,849,0
850,2,850,0
851,2,851,0
852,2,852,0
853,2,853,0
854,2,854,0
855,2,855,0
856,2,856,0
857,2,857,0
858,2,858,0
859,2,859,0
860,2,860,0
861,2,861,0
862,2,862,0
863,2,863,0
864,2,864,0
865,2,865,0
866,2,866,0
867,2,867,0
868,2,868,0
869,2,869,0
870,2,870,0
871,2,871,0
872,2,872,0
873,2,873,0
874,2,874,0
875,2,875,0
876,2,876,0
877,2,877,0
878,2,878,0
879,2,879,0
880,2,880,0
881,2,881,0
882,2,882,0
883,2,883,0
884,2,884,0
885,2,885,0
886,2,886,0
887,2,887,0
888,2,888,0
889,2,889,0
890,2,890,0
891,2,891,0
892,2,892,0
893,2,893,0
894,2,894,0
895,2,895,0
896,2,896,0
897,2,897,0
898,2,898,0
899,2,899,0
900,2,900,0
901,2,901,0
902,2,902,0
903,2,903,0
904,2,904,0
905,2,905,0
906,2,906,0
907,2,907,0
908,2,908,0
909,2,909,0
910,2,910,0
911,2,911,0
912,2,912,0
913,2,913,0
914,2,914,0
915,2,915,0
916,2,916,0
917,2,917,0
918,2,918,0
919,2,919,0
920,2,920,0
921,2,921,0
922,2,922,0
923,2,923,0
924,2,924,0
925,2,925,0
926,2,926,0
927,2,927,0
928,2,928,0
929,2,929,0
930,2,930,0
931,2,931,0
932,2,932,0
933,2,933,0
934,2,934,0
935,2,935,0
936,2,936,0
937,2,937,0
938,2,938,0
939,2,939,0
940,2,940,0
941,2,941,0
942,2,942,0
943,2,943,0
944,2,944,0
945,2,945,0
946,2,946,0
947,2,947,0
948,2,948,0
949,2,949,0
950,2,950,0
951,2,951,0
952,2,952,0
953,2,953,0
954,2,954,0
955,2,955,0
956,2,956,0
957,2,957,0
958,2,958,0
959,2,959,0
960,2,960,0
961,2,961,0
962,2,962,0
963,2,963,0
964,2,964,0
965,2,965,0
966,2,966,0
967,2,967,0
968,2,968,0
969,2,969,0
970,2,970,0
971,2,971,0
972,2,972,0
973,2,973,0
974,2,974,0
975,2,975,0
976,2,976,0
977,2,977,0
978,2,978,0
979,2,979,0
980,2,980,0
981,2,981,0
982,2,982,0
983,2,983,0
984,2,984,0
985,2,985,0
986,2,986,0
987,2,987,0
988,2,988,0
989,2,989,0
990,2,990,0
991,2,991,0
992,2,992,0
993,2,993,0
994,2,994,0
995,2,995,0
996,2,996,0
997,2,997,0
998,2,998,0
999,2,999,0
1000,2,1000,0
3,3,3,0
4,3,3,1
5,3,3,2
6,3,6,0
7,3,6,1
8,3,6,2
9,3,9,0
10,3,10,0
11,3,10,1
12,3,10,2
13,3,10,3
14,3,10,4
15,3,15,0
16,3,15,1
17,3,15,2
18,3,15,3
19,3,15,4
20,3,15,5
21,3,21,0
22,3,21,1
23,3,21,2
24,3,21,3
25,3,21,4
26,3,21,5
27,3,21,6
28,3,28,0
29,3,28,1
30,3,28,2
31,3,28,3
32,3,28,4
33,3,28,5
34,3,28,6
35,3,28,7
36,3,36,0
37,3,36,1
38,3,36,2
39,3,36,3
40,3,36,4
41,3,36,5
42,3,36,6
43,3,36,7
44,3,36,8
45,3,45,0
46,3,45,1
47,3,45,2
48,3,45,3
49,3,45,4
50,3,45,5
51,3,45,6
52,3,45,7
53,3,45,8
54,3,45,9
55,3,55,0
56,3,55,1
57,3,55,2
58,3,55,3
59,3,55,4
60,3,55,5
61,3,55,6
62,3,55,7
63,3,55,8
64,3,55,9
65,3,55,10
66,3,66,0
67,3,66,1
68,3,66,2
69,3,66,3
70,3,66,4
71,3,66,5
72,3,66,6
73,3,66,7
74,3,66,8
75,3,66,9
76,3,66,10
77,3,66,11
78,3,78,0
79,3,78,1
80,3,78,2
81,3,78,3
82,3,78,4
83,3,78,5
84,3,78,6
85,3,78,7
86,3,78,8
87,3,78,9
88,3,78,10
89,3,78,11
90,3,78,12
91,3,91,0
92,3,91,1
93,3,91,2
94,3,91,3
95,3,91,4
96,3,91,5
97,3,91,6
98,3,91,7
99,3,91,8
100,3,91,9
101,3,91,10
102,3,91,11
103,3,91,12
104,3,91,13
105,3,105,0
106,3,105,1
107,3,105,2
108,3,105,3
109,3,105,4
110,3,105,5
111,3,105,6
112,3,105,7
113,3,105,8
114,3,105,9
115,3,105,10
116,3,105,11
117,3,105,12
118,3,105,13
119,3,105,14
120,3,120,0
121,3,120,1
122,3,120,2
123,3,120,3
124,3,120,4
125,3,120,5
126,3,120,6
127,3,120,7
128,3,120,8
129,3,120,9
130,3,120,10
131,3,120,11
132,3,120,12
133,3,120,13
134,3,120,14
135,3,120,15
136,3,136,0
137,3,136,1
138,3,136,2
139,3,136,3
140,3,136,4
141,3,136,5
142,3,136,6
143,3,136,7
144,3,136,8
145,3,136,9
146,3,136,10
147,3,136,11
148,3,136,12
149,3,136,13
150,3,136,14
151,3,136,15
152,3,136,16
153,3,153,0
154,3,153,1
155,3,153,2
156,3,153,3
157,3,153,4
158,3,153,5
159,3,153,6
160,3,153,7
161,3,153,8
162,3,153,9
163,3,153,10
164,3,153,11
165,3,153,12
166,3,153,13
167,3,153,14
168,3,153,15
169,3,153,16
170,3,153,17
171,3,171,0
172,3,171,1
173,3,171,2
174,3,171,3
175,3,171,4
176,3,171,5
177,3,171,6
178,3,171,7
179,3,171,8
180,3,171,9
181,3,171,10
182,3,171,11
183,3,171,12
184,3,171,13
185,3,171,14
186,3,171,15
187,3,171,16
188,3,171,17
189,3,171,18
190,3,190,0
191,3,190,1
192,3,190,2
193,3,190,3
194,3,190,4
195,3,190,5
196,3,190,6
197,3,190,7
198,3,190,8
199,3,190,9
200,3,190,10
201,3,190,11
202,3,190,12
203,3,190,13
204,3,190,14
205,3,190,15
206,3,190,16
207,3,190,17
208,3,190,18
209,3,190,19
210,3,210,0
211,3,210,1
212,3,210,2
213,3,210,3
214,3,210,4
215,3,210,5
216,3,210,6
217,3,210,7
218,3,210,8
219,3,210,9
220,3,210,10
221,3,210,11
222,3,210,12
223,3,210,13
224,3,210,14
225,3,210,15
226,3,210,16
227,3,210,17
228,3,210,18
229,3,210,19
230,3,210,20
231,3,231,0
232,3,231,1
233,3,231,2
234,3,231,3
235,3,231,4
236,3,231,5
237,3,231,6
238,3,231,7
239,3,231,8
240,3,231,9
241,3,231,10
242,3,231,11
243,3,231,12
244,3,231,13
245,3,231,14
246,3,231,15
247,3,231,16
248,3,231,17
249,3,231,18
250,3,231,19
251,3,231,20
252,3,231,21
253,3,253,0
254,3,253,1
255,3,253,2
256,3,253,3
257,3,253,4
258,3,253,5
259,3,253,6
260,3,253,7
261,3,253,8
262,3,253,9
263,3,253,10
264,3,253,11
265,3,253,12
266,3,253,13
267,3,253,14
268,3,253,15
269,3,253,16
270,3,253,17
271,3,253,18
272,3,253,19
273,3,253,20
274,3,253,21
275,3,253,22
276,3,276,0
277,3,276,1
278,3,276,2
279,3,276,3
280,3,276,4
281,3,276,5
282,3,276,6
283,3,276,7
284,3,276,8
285,3,276,9
286,3,276,10
287,3,276,11
288,3,276,12
289,3,276,13
290,3,276,14
291,3,276,15
292,3,276,16
293,3,276,17
294,3,276,18
295,3,276,19
296,3,276,20
297,3,276,21
298,3,276,22
299,3,276,23
300,3,300,0
301,3,300,1
302,3,300,2
303,3,300,3
304,3,300,4
305,3,300,5
306,3,300,6
307,3,300,7
308,3,300,8
309,3,300,9
310,3,300,10
311,3,300,11
312,3,300,12
313,3,300,13
314,3,300,14
315,3,300,15
316,3,300,16
317,3,300,17
318,3,300,18
319,3,300,19
320,3,300,20
321,3,300,21
322,3,300,22
323,3,300,23
324,3,300,24
325,3,325,0
326,3,325,1
327,3,325,2
328,3,325,3
329,3,325,4
330,3,325,5
331,3,325,6
332,3,325,7
333,3,325,8
334,3,325,9
335,3,325,10
336,3,325,11
337,3,325,12
338,3,325,13
339,3,325,14
340,3,325,15
341,3,325,16
342,3,325,17
343,3,325,18
344,3,325,19
345,3,325,20
346,3,325,21
347,3,325,22
348,3,325,23
349,3,325,24
350,3,325,25
351,3,351,0
352,3,351,1
353,3,351,2
354,3,351,3
355,3,351,4
356,3,351,5
357,3,351,6
358,3,351,7
359,3,351,8
360,3,351,9
361,3,351,10
362,3,351,11
363,3,351,12
364,3,351,13
365,3,351,14
366,3,351,15
367,3,351,16
368,3,351,17
369,3,351,18
370,3,351,19
371,3,351,20
372,3,351,21
373,3,351,22
374,3,351,23
375,3,351,24
376,3,351,25
377,3,351,26
378,3,378,0
379,3,378,1
380,3,378,2
381,3,378,3
382,3,378,4
383,3,378,5
384,3,378,6
385,3,378,7
386,3,378,8
387,3,378,9
388,3,378,10
389,3,378,11
390,3,378,12
391,3,378,13
392,3,378,14
393,3,378,15
394,3,378,16
395,3,378,17
396,3,378,18
397,3,378,19
398,3,378,20
399,3,378,21
400,3,378,22
401,3,378,23
402,3,378,24
403,3,378,25
404,3,378,26
405,3,378,27
406,3,406,0
407,3,406,1
408,3,406,2
409,3,406,3
410,3,406,4
411,3,406,5
412,3,406,6
413,3,406,7
414,3,406,8
415,3,406,9
416,3,406,10
417,3,406,11
418,3,406,12
419,3,406,13
420,3,406,14
421,3,406,15
422,3,406,16
423,3,406,17
424,3,406,18
425,3,406,19
426,3,406,20
427,3,406,21
428,3,406,22
429,3,406,23
430,3,406,24
431,3,406,25
432,3,406,26
433,3,406,27
434,3,406,28
435,3,435,0
436,3,435,1
437,3,435,2
438,3,435,3
439,3,435,4
440,3,435,5
441,3,435,6
442,3,435,7
443,3,435,8
444,3,435,9
445,3,435,10
446,3,435,11
447,3,435,12
448,3,435,13
449,3,435,14
450,3,435,15
451,3,435,16
452,3,435,17
453,3,435,18
454,3,435,19
455,3,435,20
456,3,435,21
457,3,435,22
458,3,435,23
459,3,435,24
460,3,435,25
461,3,435,26
462,3,435,27
463,3,435,28
464,3,435,29
465,3,465,0
466,3,465,1
467,3,465,2
468,3,465,3
469,3,465,4
470,3,465,5
471,3,465,6
472,3,465,7
473,3,465,8
474,3,465,9
475,3,465,10
476,3,465,11
477,3,465,12
478,3,465,13
479,3,465,14
480,3,465,15
481,3,465,16
482,3,465,17
483,3,465,18
484,3,465,19
485,3,465,20
486,3,465,21
487,3,465,22
488,3,465,23
489,3,465,24
490,3,465,25
491,3,465,26
492,3,465,27
493,3,465,28
494,3,465,29
495,3,465,30
496,3,496,0
497,3,496,1
498,3,496,2
499,3,496,3
500,3,496,4
501,3,496,5
502,3,496,6
503,3,496,7
504,3,496,8
505,3,496,9
506,3,496,10
507,3,496,11
508,3,496,12
509,3,496,13
510,3,496,14
511,3,496,15
512,3,496,16
513,3,496,17
514,3,496,18
515,3,496,19
516,3,496,20
517,3,496,21
518,3,496,22
519,3,496,23
520,3,496,24
521,3,496,25
522,3,496,26
523,3,496,27
524,3,496,28
525,3,496,29
526,3,496,30
527,3,496,31
528,3,528,0
529,3,528,1
530,3,528,2
531,3,528,3
532,3,528,4
533,3,528,5
534,3,528,6
535,3,528,7
536,3,528,8
537,3,528,9
538,3,528,10
539,3,528,11
540,3,528,12
541,3,528,13
542,3,528,14
543,3,528,15
544,3,528,16
545,3,528,17
546,3,528,18
547,3,528,19
548,3,528,20
549,3,528,21
550,3,528,22
551,3,528,23
552,3,528,24
553,3,528,25
554,3,528,26
555,3,528,27
556,3,528,28
557,3,528,29
558,3,528,30
559,3,528,31
560,3,528,32
561,3,561,0
562,3,561,1
563,3,561,2
564,3,561,3
565,3,561,4
566,3,561,5
567,3,561,6
568,3,561,7
569,3,561,8
570,3,561,9
571,3,561,10
572,3,561,11
573,3,561,12
574,3,561,13
575,3,561,14
576,3,561,15
577,3,561,16
578,3,561,17
579,3,561,18
580,3,561,19
581,3,561,20
582,3,561,21
583,3,561,22
584,3,561,23
585,3,561,24
586,3,561,25
587,3,561,26
588,3,561,27
589,3,561,28
590,3,561,29
591,3,561,30
592,3,561,31
593,3,561,32
594,3,561,33
595,3,595,0
596,3,595,1
597,3,595,2
598,3,595,3
599,3,595,4
600,3,595,5
601,3,595,6
602,3,595,7
603,3,595,8
604,3,595,9
605,3,595,10
606,3,595,11
607,3,595,12
608,3,595,13
609,3,595,14
610,3,595,15
611,3,595,16
612,3,595,17
613,3,595,18
614,3,595,19
615,3,595,20
616,3,595,21
617,3,595,22
618,3,595,23
619,3,595,24
620,3,595,25
621,3,595,26
622,3,595,27
623,3,595,28
624,3,595,29
625,3,595,30
626,3,595,31
627,3,595,32
628,3,595,33
629,3,595,34
630,3,630,0
631,3,630,1
632,3,630,2
633,3,630,3
634,3,630,4
635,3,630,5
636,3,630,6
637,3,630,7
638,3,630,8
639,3,630,9
640,3,630,10
641,3,630,11
642,3,630,12
643,3,630,13
644,3,630,14
645,3,630,15
646,3,630,16
647,3,630,17
648,3,630,18
649,3,630,19
650,3,630,20
651,3,630,21
652,3,630,22
653,3,630,23
654,3,630,24
655,3,630,25
656,3,630,26
657,3,630,27
658,3,630,28
659,3,630,29
660,3,630,30
661,3,630,31
662,3,630,32
663,3,630,33
664,3,630,34
665,3,630,35
666,3,666,0
667,3,666,1
668,3,666,2
669,3,666,3
670,3,666,4
671,3,666,5
672,3,666,6
673,3,666,7
674,3,666,8
675,3,666,9
676,3,666,10
677,3,666,11
678,3,666,12
679,3,666,13
680,3,666,14
681,3,666,15
682,3,666,16
683,3,666,17
684,3,666,18
685,3,666,19
686,3,666,20
687,3,666,21
688,3,666,22
689,3,666,23
690,3,666,24
691,3,666,25
692,3,666,26
693,3,666,27
694,3,666,28
695,3,666,29
696,3,666,30
697,3,666,31
698,3,666,32
699,3,666,33
700,3,666,34
701,3,666,35
702,3,666,36
703,3,703,0
704,3,703,1
705,3,703,2
706,3,703,3
707,3,703,4
708,3,703,5
709,3,703,6
710,3,703,7
711,3,703,8
712,3,703,9
713,3,703,10
714,3,703,11
715,3,703,12
716,3,703,13
717,3,703,14
718,3,703,15
719,3,703,16
720,3,703,17
721,3,703,18
722,3,703,19
723,3,703,20
724,3,703,21
725,3,703,22
726,3,703,23
727,3,703,24
728,3,703,25
729,3,703,26
730,3,703,27
731,3,703,28
732,3,703,29
733,3,703,30
734,3,703,31
735,3,703,32
736,3,703,33
737,3,703,34
738,3,703,35
739,3,703,36
740,3,703,37
741,3,741,0
742,3,741,1
743,3,741,2
744,3,741,3
745,3,741,4
746,3,741,5
747,3,741,6
748,3,741,7
749,3,741,8
750,3,741,9
751,3,741,10
752,3,741,11
753,3,741,12
754,3,741,13
755,3,741,14
756,3,741,15
757,3,741,16
758,3,741,17
759,3,741,18
760,3,741,19
761,3,741,20
762,3,741,21
763,3,741,22
764,3,741,23
765,3,741,24
766,3,741,25
767,3,741,26
768,3,741,27
769,3,741,28
770,3,741,29
771,3,741,30
772,3,741,31
773,3,741,32
774,3,741,33
775,3,741,34
776,3,741,35
777,3,741,36
778,3,741,37
779,3,741,38
780,3,780,0
781,3,780,1
782,3,780,2
783,3,780,3
784,3,780,4
785,3,780,5
786,3,780,6
787,3,780,7
788,3,780,8
789,3,780,9
790,3,780,10
791,3,780,11
792,3,780,12
793,3,780,13
794,3,780,14
795,3,780,15
796,3,780,16
797,3,780,17
798,3,780,18
799,3,780,19
800,3,780,20
801,3,780,21
802,3,780,22
803,3,780,23
804,3,780,24
805,3,780,25
806,3,780,26
807,3,780,27
808,3,780,28
809,3,780,29
810,3,780,30
811,3,780,31
812,3,780,32
813,3,780,33
814,3,780,34
815,3,780,35
816,3,780,36
817,3,780,37
818,3,780,38
819,3,780,39
820,3,820,0
821,3,820,1
822,3,820,2
823,3,820,3
824,3,820,4
825,3,820,5
826,3,820,6
827,3,820,7
828,3,820,8
829,3,820,9
830,3,820,10
831,3,820,11
832,3,820,12
833,3,820,13
834,3,820,14
835,3,820,15
836,3,820,16
837,3,820,17
838,3,820,18
839,3,820,19
840,3,820,20
841,3,820,21
842,3,820,22
843,3,820,23
844,3,820,24
845,3,820,25
846,3,820,26
847,3,820,27
848,3,820,28
849,3,820,29
850,3,820,30
851,3,820,31
852,3,820,32
853,3,820,33
854,3,820,34
855,3,820,35
856,3,820,36
857,3,820,37
858,3,820,38
859,3,820,39
860,3,820,40
861,3,861,0
862,3,861,1
863,3,861,2
864,3,861,3
865,3,861,4
866,3,861,5
867,3,861,6
868,3,861,7
869,3,861,8
870,3,861,9
871,3,861,10
872,3,861,11
873,3,861,12
874,3,861,13
875,3,861,14
876,3,861,15
877,3,861,16
878,3,861,17
879,3,861,18
880,3,861,19
881,3,861,20
882,3,861,21
883,3,861,22
884,3,861,23
885,3,861,24
886,3,861,25
887,3,861,26
888,3,861,27
889,3,861,28
890,3,861,29
891,3,861,30
892,3,861,31
893,3,861,32
894,3,861,33
895,3,861,34
896,3,861,35
897,3,861,36
898,3,861,37
899,3,861,38
900,3,861,39
901,3,861,40
902,3,861,41
903,3,903,0
904,3,903,1
905,3,903,2
906,3,903,3
907,3,903,4
908,3,903,5
909,3,903,6
910,3,903,7
911,3,903,8
912,3,903,9
913,3,903,10
914,3,903,11
915,3,903,12
916,3,903,13
917,3,903,14
918,3,903,15
919,3,903,16
920,3,903,17
921,3,903,18
922,3,903,19
923,3,903,20
924,3,903,21
925,3,903,22
926,3,903,23
927,3,903,24
928,3,903,25
929,3,903,26
930,3,903,27
931,3,903,28
932,3,903,29
933,3,903,30
934,3,903,31
935,3,903,32
936,3,903,33
937,3,903,34
938,3,903,35
939,3,903,36
940,3,903,37
941,3,903,38
942,3,903,39
943,3,903,40
944,3,903,41
945,3,903,42
946,3,946,0
947,3,946,1
948,3,946,2
949,3,946,3
950,3,946,4
951,3,946,5
952,3,946,6
953,3,946,7
954,3,946,8
955,3,946,9
956,3,946,10
957,3,946,11
958,3,946,12
959,3,946,13
960,3,946,14
961,3,946,15
962,3,946,16
963,3,946,17
964,3,946,18
965,3,946,19
966,3,946,20
967,3,946,21
968,3,946,22
969,3,946,23
970,3,946,24
971,3,946,25
972,3,946,26
973,3,946,27
974,3,946,28
975,3,946,29
976,3,946,30
977,3,946,31
978,3,946,32
979,3,946,33
980,3,946,34
981,3,946,35
982,3,946,36
983,3,946,37
984,3,946,38
985,3,946,39
986,3,946,40
987,3,946,41
988,3,946,42
989,3,946,43
990,3,990,0
991,3,990,1
992,3,990,2
993,3,990,3
994,3,990,4
995,3,990,5
996,3,990,6
997,3,990,7
998,3,990,8
999,3,990,9
1000,3,990,10
4,4,4,0
5,4,4,1
6,4,4,2
7,4,4,3
8,4,8,0
9,4,8,1
10,4,10,0
11,4,10,1
12,4,10,2
13,4,10,3
14,4,14,0
15,4,14,1
16,4,14,2
17,4,14,3
18,4,14,4
19,4,14,5
20,4,20,0
21,4,20,1
22,4,20,2
23,4,20,3
24,4,24,0
25,4,24,1
26,4,24,2
27,4,24,3
28,4,24,4
29,4,24,5
30,4,30,0
31,4,30,1
32,4,30,2
33,4,30,3
34,4,30,4
35,4,35,0
36,4,35,1
37,4,35,2
38,4,35,3
39,4,35,4
40,4,35,5
41,4,35,6
42,4,35,7
43,4,35,8
44,4,35,9
45,4,35,10
46,4,35,11
47,4,35,12
48,4,35,13
49,4,35,14
50,4,35,15
51,4,35,16
52,4,35,17
53,4,35,18
54,4,35,19
55,4,35,20
56,4,56,0
57,4,56,1
58,4,56,2
59,4,56,3
60,4,56,4
61,4,56,5
62,4,56,6
63,4,56,7
64,4,56,8
65,4,56,9
66,4,56,10
67,4,56,11
68,4,56,12
69,4,56,13
70,4,56,14
71,4,56,15
72,4,56,16
73,4,56,17
74,4,56,18
75,4,56,19
76,4,56,20
77,4,56,21
78,4,56,22
79,4,56,23
80,4,56,24
81,4,56,25
82,4,56,26
83,4,56,27
84,4,84,0
85,4,84,1
86,4,84,2
87,4,84,3
88,4,84,4
89,4,84,5
90,4,84,6
91,4,84,7
92,4,84,8
93,4,84,9
94,4,84,10
95,4,84,11
96,4,84,12
97,4,84,13
98,4,84,14
99,4,84,15
100,4,84,16
101,4,84,17
102,4,84,18
103,4,84,19
104,4,84,20
105,4,84,21
106,4,84,22
107,4,84,23
108,4,84,24
109,4,84,25
110,4,84,26
111,4,84,27
112,4,84,28
113,4,84,29
114,4,84,30
115,4,84,31
116,4,84,32
117,4,84,33
118,4,84,34
119,4,84,35
120,4,120,0
121,4,120,1
122,4,120,2
123,4,120,3
124,4,120,4
125,4,120,5
126,4,120,6
127,4,120,7
128,4,120,8
129,4,120,9
130,4,120,10
131,4,120,11
132,4,120,12
133,4,120,13
134,4,120,14
135,4,120,15
136,4,120,16
137,4,120,17
138,4,120,18
139,4,120,19
140,4,120,20
141,4,120,21
142,4,120,22
143,4,120,23
144,4,120,24
145,4,120,25
146,4,120,26
147,4,120,27
148,4,120,28
149,4,120,29
150,4,120,30
151,4,120,31
152,4,120,32
153,4,120,33
154,4,120,34
155,4,120,35
156,4,120,36
157,4,120,37
158,4,120,38
159,4,120,39
160,4,120,40
161,4,120,41
162,4,120,42
163,4,120,43
164,4,120,44
165,4,165,0
166,4,165,1
167,4,165,2
168,4,165,3
169,4,165,4
170,4,165,5
171,4,165,6
172,4,165,7
173,4,165,8
174,4,165,9
175,4,165,10
176,4,165,11
177,4,165,12
178,4,165,13
179,4,165,14
180,4,165,15
181,4,165,16
182,4,165,17
183,4,165,18
184,4,165,19
185,4,165,20
186,4,165,21
187,4,165,22
188,4,165,23
189,4,165,24
190,4,165,25
191,4,165,26
192,4,165,27
193,4,165,28
194,4,165,29
195,4,165,30
196,4,165,31
197,4,165,32
198,4,165,33
199,4,165,34
200,4,165,35
201,4,165,36
202,4,165,37
203,4,165,38
204,4,165,39
205,4,165,40
206,4,165,41
207,4,165,42
208,4,165,43
209,4,165,44
210,4,165,45
211,4,165,46
212,4,165,47
213,4,165,48
214,4,165,49
215,4,165,50
216,4,165,51
217,4,165,52
218,4,165,53
219,4,165,54
220,4,220,0
221,4,220,1
222,4,220,2
223,4,220,3
224,4,220,4
225,4,220,5
226,4,220,6
227,4,220,7
228,4,220,8
229,4,220,9
230,4,220,10
231,4,220,11
232,4,220,12
233,4,220,13
234,4,220,14
235,4,220,15
236,4,220,16
237,4,220,17
238,4,220,18
239,4,220,19
240,4,220,20
241,4,220,21
242,4,220,22
243,4,220,23
244,4,220,24
245,4,220,25
246,4,220,26
247,4,220,27
248,4,220,28
249,4,220,29
250,4,220,30
251,4,220,31
252,4,220,32
253,4,220,33
254,4,220,34
255,4,220,35
256,4,220,36
257,4,220,37
258,4,220,38
259,4,220,39
260,4,220,40
261,4,220,41
262,4,220,42
263,4,220,43
264,4,220,44
265,4,220,45
266,4,220,46
267,4,220,47
268,4,220,48
269,4,220,49
270,4,220,50
271,4,220,51
272,4,220,52
273,4,220,53
274,4,220,54
275,4,220,55
276,4,220,56
277,4,220,57
278,4,220,58
279,4,220,59
280,4,220,60
281,4,220,61
282,4,220,62
283,4,220,63
284,4,220,64
285,4,220,65
286,4,286,0
287,4,286,1
288,4,286,2
289,4,286,3
290,4,286,4
291,4,286,5
292,4,286,6
293,4,286,7
294,4,286,8
295,4,286,9
296,4,286,10
297,4,286,11
298,4,286,12
299,4,286,13
300,4,286,14
301,4,286,15
302,4,286,16
303,4,286,17
304,4,286,18
305,4,286,19
306,4,286,20
307,4,286,21
308,4,286,22
309,4,286,23
310,4,286,24
311,4,286,25
312,4,286,26
313,4,286,27
314,4,286,28
315,4,286,29
316,4,286,30
317,4,286,31
318,4,286,32
319,4,286,33
320,4,286,34
321,4,286,35
322,4,286,36
323,4,286,37
324,4,286,38
325,4,286,39
326,4,286,40
327,4,286,41
328,4,286,42
329,4,286,43
330,4,286,44
331,4,286,45
332,4,286,46
333,4,286,47
334,4,286,48
335,4,286,49
336,4,286,50
337,4,286,51
338,4,286,52
339,4,286,53
340,4,286,54
341,4,286,55
342,4,286,56
343,4,286,57
344,4,286,58
345,4,286,59
346,4,286,60
347,4,286,61
348,4,286,62
349,4,286,63
350,4,286,64
351,4,286,65
352,4,286,66
353,4,286,67
354,4,286,68
355,4,286,69
356,4,286,70
357,4,286,71
358,4,286,72
359,4,286,73
360,4,286,74
361,4,286,75
362,4,286,76
363,4,286,77
364,4,364,0
365,4,364,1
366,4,364,2
367,4,364,3
368,4,364,4
369,4,364,5
370,4,364,6
371,4,364,7
372,4,364,8
373,4,364,9
374,4,364,10
375,4,364,11
376,4,364,12
377,4,364,13
378,4,364,14
379,4,364,15
380,4,364,16
381,4,364,17
382,4,364,18
383,4,364,19
384,4,364,20
385,4,364,21
386,4,364,22
387,4,364,23
388,4,364,24
389,4,364,25
390,4,364,26
391,4,364,27
392,4,364,28
393,4,364,29
394,4,364,30
395,4,364,31
396,4,364,32
397,4,364,33
398,4,364,34
399,4,364,35
400,4,364,36
401,4,364,37
402,4,364,38
403,4,364,39
404,4,364,40
405,4,364,41
406,4,364,42
407,4,364,43
408,4,364,44
409,4,364,45
410,4,364,46
411,4,364,47
412,4,364,48
413,4,364,49
414,4,364,50
415,4,364,51
416,4,364,52
417,4,364,53
418,4,364,54
419,4,364,55
420,4,364,56
421,4,364,57
422,4,364,58
423,4,364,59
424,4,364,60
425,4,364,61
426,4,364,62
427,4,364,63
428,4,364,64
429,4,364,65
430,4,364,66
431,4,364,67
432,4,364,68
433,4,364,69
434,4,364,70
435,4,364,71
436,4,364,72
437,4,364,73
438,4,364,74
439,4,364,75
440,4,364,76
441,4,364,77
442,4,364,78
443,4,364,79
444,4,364,80
445,4,364,81
446,4,364,82
447,4,364,83
448,4,364,84
449,4,364,85
450,4,364,86
451,4,364,87
452,4,364,88
453,4,364,89
454,4,364,90
455,4,455,0
456,4,455,1
457,4,455,2
458,4,455,3
459,4,455,4
460,4,455,5
461,4,455,6
462,4,455,7
463,4,455,8
464,4,455,9
465,4,455,10
466,4,455,11
467,4,455,12
468,4,455,13
469,4,455,14
470,4,455,15
471,4,455,16
472,4,455,17
473,4,455,18
474,4,455,19
475,4,455,20
476,4,455,21
477,4,455,22
478,4,455,23
479,4,455,24
480,4,455,25
481,4,455,26
482,4,455,27
483,4,455,28
484,4,455,29
485,4,455,30
486,4,455,31
487,4,455,32
488,4,455,33
489,4,455,34
490,4,455,35
491,4,455,36
492,4,455,37
493,4,455,38
494,4,455,39
495,4,455,40
496,4,455,41
497,4,455,42
498,4,455,43
499,4,455,44
500,4,455,45
501,4,455,46
502,4,455,47
503,4,455,48
504,4,455,49
505,4,455,50
506,4,455,51
507,4,455,52
508,4,455,53
509,4,455,54
510,4,455,55
511,4,455,56
512,4,455,57
513,4,455,58
514,4,455,59
515,4,455,60
516,4,455,61
517,4,455,62
518,4,455,63
519,4,455,64
520,4,455,65
521,4,455,66
522,4,455,67
523,4,455,68
524,4,455,69
525,4,455,70
526,4,455,71
527,4,455,72
528,4,455,73
529,4,455,74
530,4,455,75
531,4,455,76
532,4,455,77
533,4,455,78
534,4,455,79
535,4,455,80
536,4,455,81
537,4,455,82
538,4,455,83
539,4,455,84
540,4,455,85
541,4,455,86
542,4,455,87
543,4,455,88
544,4,455,89
545,4,455,90
546,4,455,91
547,4,455,92
548,4,455,93
549,4,455,94
550,4,455,95
551,4,455,96
552,4,455,97
553,4,455,98
554,4,455,99
555,4,455,100
556,4,455,101
557,4,455,102
558,4,455,103
559,4,455,104
560,4,560,0
561,4,560,1
562,4,560,2
563,4,560,3
564,4,560,4
565,4,560,5
566,4,560,6
567,4,560,7
568,4,560,8
569,4,560,9
570,4,560,10
571,4,560,11
572,4,560,12
573,4,560,13
574,4,560,14
575,4,560,15
576,4,560,16
577,4,560,17
578,4,560,18
579,4,560,19
580,4,560,20
581,4,560,21
582,4,560,22
583,4,560,23
584,4,560,24
585,4,560,25
586,4,560,26
587,4,560,27
588,4,560,28
589,4,560,29
590,4,560,30
591,4,560,31
592,4,560,32
593,4,560,33
594,4,560,34
595,4,560,35
596,4,560,36
597,4,560,37
598,4,560,38
599,4,560,39
600,4,560,40
601,4,560,41
602,4,560,42
603,4,560,43
604,4,560,44
605,4,560,45
606,4,560,46
607,4,560,47
608,4,560,48
609,4,560,49
610,4,560,50
611,4,560,51
612,4,560,52
613,4,560,53
614,4,560,54
615,4,560,55
616,4,560,56
617,4,560,57
618,4,560,58
619,4,560,59
620,4,560,60
621,4,560,61
622,4,560,62
623,4,560,63
624,4,560,64
625,4,560,65
626,4,560,66
627,4,560,67
628,4,560,68
629,4,560,69
630,4,560,70
631,4,560,71
632,4,560,72
633,4,560,73
634,4,560,74
635,4,560,75
636,4,560,76
637,4,560,77
638,4,560,78
639,4,560,79
640,4,560,80
641,4,560,81
642,4,560,82
643,4,560,83
644,4,560,84
645,4,560,85
646,4,560,86
647,4,560,87
648,4,560,88
649,4,560,89
650,4,560,90
651,4,560,91
652,4,560,92
653,4,560,93
654,4,560,94
655,4,560,95
656,4,560,96
657,4,560,97
658,4,560,98
659,4,560,99
660,4,560,100
661,4,560,101
662,4,560,102
663,4,560,103
664,4,560,104
665,4,560,105
666,4,560,106
667,4,560,107
668,4,560,108
669,4,560,109
670,4,560,110
671,4,560,111
672,4,560,112
673,4,560,113
674,4,560,114
675,4,560,115
676,4,560,116
677,4,560,117
678,4,560,118
679,4,560,119
680,4,680,0
681,4,680,1
682,4,680,2
683,4,680,3
684,4,680,4
685,4,680,5
686,4,680,6
687,4,680,7
688,4,680,8
689,4,680,9
690,4,680,10
691,4,680,11
692,4,680,12
693,4,680,13
694,4,680,14
695,4,680,15
696,4,680,16
697,4,680,17
698,4,680,18
699,4,680,19
700,4,680,20
701,4,680,21
702,4,680,22
703,4,680,23
704,4,680,24
705,4,680,25
706,4,680,26
707,4,680,27
708,4,680,28
709,4,680,29
710,4,680,30
711,4,680,31
712,4,680,32
713,4,680,33
714,4,680,34
715,4,680,35
716,4,680,36
717,4,680,37
718,4,680,38
719,4,680,39
720,4,680,40
721,4,680,41
722,4,680,42
723,4,680,43
724,4,680,44
725,4,680,45
726,4,680,46
727,4,680,47
728,4,680,48
729,4,680,49
730,4,680,50
731,4,680,51
732,4,680,52
733,4,680,53
734,4,680,54
735,4,680,55
736,4,680,56
737,4,680,57
738,4,680,58
739,4,680,59
740,4,680,60
741,4,680,61
742,4,680,62
743,4,680,63
744,4,680,64
745,4,680,65
746,4,680,66
747,4,680,67
748,4,680,68
749,4,680,69
750,4,680,70
751,4,680,71
752,4,680,72
753,4,680,73
754,4,680,74
755,4,680,75
756,4,680,76
757,4,680,77
758,4,680,78
759,4,680,79
760,4,680,80
761,4,680,81
762,4,680,82
763,4,680,83
764,4,680,84
765,4,680,85
766,4,680,86
767,4,680,87
768,4,680,88
769,4,680,89
770,4,680,90
771,4,680,91
772,4,680,92
773,4,680,93
774,4,680,94
775,4,680,95
776,4,680,96
777,4,680,97
778,4,680,98
779,4,680,99
780,4,680,100
781,4,680,101
782,4,680,102
783,4,680,103
784,4,680,104
785,4,680,105
786,4,680,106
787,4,680,107
788,4,680,108
789,4,680,109
790,4,680,110
791,4,680,111
792,4,680,112
793,4,680,113
794,4,680,114
795,4,680,115
796,4,680,116
797,4,680,117
798,4,680,118
799,4,680,119
800,4,680,120
801,4,680,121
802,4,680,122
803,4,680,123
804,4,680,124
805,4,680,125
806,4,680,126
807,4,680,127
808,4,680,128
809,4,680,129
810,4,680,130
811,4,680,131
812,4,680,132
813,4,680,133
814,4,680,134
815,4,680,135
816,4,816,0
817,4,816,1
818,4,816,2
819,4,816,3
820,4,816,4
821,4,816,5
822,4,816,6
823,4,816,7
824,4,816,8
825,4,816,9
826,4,816,10
827,4,816,11
828,4,816,12
829,4,816,13
830,4,816,14
831,4,816,15
832,4,816,16
833,4,816,17
834,4,816,18
835,4,816,19
836,4,816,20
837,4,816,21
838,4,816,22
839,4,816,23
840,4,816,24
841,4,816,25
842,4,816,26
843,4,816,27
844,4,816,28
845,4,816,29
846,4,816,30
847,4,816,31
848,4,816,32
849,4,816,33
850,4,816,34
851,4,816,35
852,4,816,36
853,4,816,37
854,4,816,38
855,4,816,39
856,4,816,40
857,4,816,41
858,4,816,42
859,4,816,43
860,4,816,44
861,4,816,45
862,4,816,46
863,4,816,47
864,4,816,48
865,4,816,49
866,4,816,50
867,4,816,51
868,4,816,52
869,4,816,53
870,4,816,54
871,4,816,55
872,4,816,56
873,4,816,57
874,4,816,58
875,4,816,59
876,4,816,60
877,4,816,61
878,4,816,62
879,4,816,63
880,4,816,64
881,4,816,65
882,4,816,66
883,4,816,67
884,4,816,68
885,4,816,69
886,4,816,70
887,4,816,71
888,4,816,72
889,4,816,73
890,4,816,74
891,4,816,75
892,4,816,76
893,4,816,77
894,4,816,78
895,4,816,79
896,4,816,80
897,4,816,81
898,4,816,82
899,4,816,83
900,4,816,84
901,4,816,85
902,4,816,86
903,4,816,87
904,4,816,88
905,4,816,89
906,4,816,90
907,4,816,91
908,4,816,92
909,4,816,93
910,4,816,94
911,4,816,95
912,4,816,96
913,4,816,97
914,4,816,98
915,4,816,99
916,4,816,100
917,4,816,101
918,4,816,102
919,4,816,103
920,4,816,104
921,4,816,105
922,4,816,106
923,4,816,107
924,4,816,108
925,4,816,109
926,4,816,110
927,4,816,111
928,4,816,112
929,4,816,113
930,4,816,114
931,4,816,115
932,4,816,116
933,4,816,117
934,4,816,118
935,4,816,119
936,4,816,120
937,4,816,121
938,4,816,122
939,4,816,123
940,4,816,124
941,4,816,125
942,4,816,126
943,4,816,127
944,4,816,128
945,4,816,129
946,4,816,130
947,4,816,131
948,4,816,132
949,4,816,133
950,4,816,134
951,4,816,135
952,4,816,136
953,4,816,137
954,4,816,138
955,4,816,139
956,4,816,140
957,4,816,141
958,4,816,142
959,4,816,143
960,4,816,144
961,4,816,145
962,4,816,146
963,4,816,147
964,4,816,148
965,4,816,149
966,4,816,150
967,4,816,151
968,4,816,152
969,4,969,0
970,4,969,1
971,4,969,2
972,4,969,3
973,4,969,4
974,4,969,5
975,4,969,6
976,4,969,7
977,4,969,8
978,4,969,9
979,4,969,10
980,4,969,11
981,4,969,12
982,4,969,13
983,4,969,14
984,4,969,15
985,4,969,16
986,4,969,17
987,4,969,18
988,4,969,19
989,4,969,20
990,4,969,21
991,4,969,22
992,4,969,23
993,4,969,24
994,4,969,25
995,4,969,26
996,4,969,27
997,4,969,28
998,4,969,29
999,4,969,30
1000,4,969,31
5,5,5,0
6,5,5,1
7,5,5,2
8,5,5,3
9,5,5,4
10,5,10,0
11,5,10,1
12,5,10,2
13,5,10,3
14,5,10,4
15,5,15,0
16,5,15,1
17,5,15,2
18,5,15,3
19,5,15,4
20,5,20,0
21,5,20,1
22,5,20,2
23,5,20,3
24,5,20,4
25,5,20,5
26,5,20,6
27,5,20,7
28,5,20,8
29,5,20,9
30,5,30,0
31,5,30,1
32,5,30,2
33,5,30,3
34,5,30,4
35,5,35,0
36,5,35,1
37,5,35,2
38,5,35,3
39,5,35,4
40,5,40,0
41,5,40,1
42,5,40,2
43,5,40,3
44,5,40,4
45,5,40,5
46,5,40,6
47,5,40,7
48,5,40,8
49,5,40,9
50,5,50,0
51,5,50,1
52,5,50,2
53,5,50,3
54,5,50,4
55,5,50,5
56,5,50,6
57,5,50,7
58,5,50,8
59,5,50,9
60,5,50,10
61,5,50,11
62,5,50,12
63,5,50,13
64,5,50,14
65,5,50,15
66,5,50,16
67,5,50,17
68,5,50,18
69,5,50,19
70,5,70,0
71,5,70,1
72,5,70,2
73,5,70,3
74,5,70,4
75,5,75,0
76,5,75,1
77,5,75,2
78,5,75,3
79,5,75,4
80,5,75,5
81,5,75,6
82,5,75,7
83,5,75,8
84,5,75,9
85,5,85,0
86,5,85,1
87,5,85,2
88,5,85,3
89,5,85,4
90,5,85,5
91,5,85,6
92,5,85,7
93,5,85,8
94,5,85,9
95,5,85,10
96,5,85,11
97,5,85,12
98,5,85,13
99,5,85,14
100,5,85,15
101,5,85,16
102,5,85,17
103,5,85,18
104,5,85,19
105,5,105,0
106,5,105,1
107,5,105,2
108,5,105,3
109,5,105,4
110,5,105,5
111,5,105,6
112,5,105,7
113,5,105,8
114,5,105,9
115,5,105,10
116,5,105,11
117,5,105,12
118,5,105,13
119,5,105,14
120,5,105,15
121,5,105,16
122,5,105,17
123,5,105,18
124,5,105,19
125,5,105,20
126,5,126,0
127,5,126,1
128,5,126,2
129,5,126,3
130,5,126,4
131,5,126,5
132,5,126,6
133,5,126,7
134,5,126,8
135,5,126,9
136,5,126,10
137,5,126,11
138,5,126,12
139,5,126,13
140,5,126,14
141,5,126,15
142,5,126,16
143,5,126,17
144,5,126,18
145,5,126,19
146,5,126,20
147,5,126,21
148,5,126,22
149,5,126,23
150,5,126,24
151,5,126,25
152,5,126,26
153,5,126,27
154,5,126,28
155,5,126,29
156,5,126,30
157,5,126,31
158,5,126,32
159,5,126,33
160,5,126,34
161,5,126,35
162,5,126,36
163,5,126,37
164,5,126,38
165,5,126,39
166,5,126,40
167,5,126,41
168,5,126,42
169,5,126,43
170,5,126,44
171,5,126,45
172,5,126,46
173,5,126,47
174,5,126,48
175,5,126,49
176,5,126,50
177,5,126,51
178,5,126,52
179,5,126,53
180,5,126,54
181,5,126,55
182,5,126,56
183,5,126,57
184,5,126,58
185,5,126,59
186,5,126,60
187,5,126,61
188,5,126,62
189,5,126,63
190,5,126,64
191,5,126,65
192,5,126,66
193,5,126,67
194,5,126,68
195,5,126,69
196,5,126,70
197,5,126,71
198,5,126,72
199,5,126,73
200,5,126,74
201,5,126,75
202,5,126,76
203,5,126,77
204,5,126,78
205,5,126,79
206,5,126,80
207,5,126,81
208,5,126,82
209,5,126,83
210,5,210,0
211,5,210,1
212,5,210,2
213,5,210,3
214,5,210,4
215,5,210,5
216,5,210,6
217,5,210,7
218,5,210,8
219,5,210,9
220,5,210,10
221,5,210,11
222,5,210,12
223,5,210,13
224,5,210,14
225,5,210,15
226,5,210,16
227,5,210,17
228,5,210,18
229,5,210,19
230,5,210,20
231,5,210,21
232,5,210,22
233,5,210,23
234,5,210,24
235,5,210,25
236,5,210,26
237,5,210,27
238,5,210,28
239,5,210,29
240,5,210,30
241,5,210,31
242,5,210,32
243,5,210,33
244,5,210,34
245,5,210,35
246,5,210,36
247,5,210,37
248,5,210,38
249,5,210,39
250,5,210,40
251,5,210,41
252,5,210,42
253,5,210,43
254,5,210,44
255,5,210,45
256,5,210,46
257,5,210,47
258,5,210,48
259,5,210,49
260,5,210,50
261,5,210,51
262,5,210,52
263,5,210,53
264,5,210,54
265,5,210,55
266,5,210,56
267,5,210,57
268,5,210,58
269,5,210,59
270,5,210,60
271,5,210,61
272,5,210,62
273,5,210,63
274,5,210,64
275,5,210,65
276,5,210,66
277,5,210,67
278,5,210,68
279,5,210,69
280,5,210,70
281,5,210,71
282,5,210,72
283,5,210,73
284,5,210,74
285,5,210,75
286,5,210,76
287,5,210,77
288,5,210,78
289,5,210,79
290,5,210,80
291,5,210,81
292,5,210,82
293,5,210,83
294,5,210,84
295,5,210,85
296,5,210,86
297,5,210,87
298,5,210,88
299,5,210,89
300,5,210,90
301,5,210,91
302,5,210,92
303,5,210,93
304,5,210,94
305,5,210,95
306,5,210,96
307,5,210,97
308,5,210,98
309,5,210,99
310,5,210,100
311,5,210,101
312,5,210,102
313,5,210,103
314,5,210,104
315,5,210,105
316,5,210,106
317,5,210,107
318,5,210,108
319,5,210,109
320,5,210,110
321,5,210,111
322,5,210,112
323,5,210,113
324,5,210,114
325,5,210,115
326,5,210,116
327,5,210,117
328,5,210,118
329,5,210,119
330,5,330,0
331,5,330,1
332,5,330,2
333,5,330,3
334,5,330,4
335,5,330,5
336,5,330,6
337,5,330,7
338,5,330,8
339,5,330,9
340,5,330,10
341,5,330,11
342,5,330,12
343,5,330,13
344,5,330,14
345,5,330,15
346,5,330,16
347,5,330,17
348,5,330,18
349,5,330,19
350,5,330,20
351,5,330,21
352,5,330,22
353,5,330,23
354,5,330,24
355,5,330,25
356,5,330,26
357,5,330,27
358,5,330,28
359,5,330,29
360,5,330,30
361,5,330,31
362,5,330,32
363,5,330,33
364,5,330,34
365,5,330,35
366,5,330,36
367,5,330,37
368,5,330,38
369,5,330,39
370,5,330,40
371,5,330,41
372,5,330,42
373,5,330,43
374,5,330,44
375,5,330,45
376,5,330,46
377,5,330,47
378,5,330,48
379,5,330,49
380,5,330,50
381,5,330,51
382,5,330,52
383,5,330,53
384,5,330,54
385,5,330,55
386,5,330,56
387,5,330,57
388,5,330,58
389,5,330,59
390,5,330,60
391,5,330,61
392,5,330,62
393,5,330,63
394,5,330,64
395,5,330,65
396,5,330,66
397,5,330,67
398,5,330,68
399,5,330,69
400,5,330,70
401,5,330,71
402,5,330,72
403,5,330,73
404,5,330,74
405,5,330,75
406,5,330,76
407,5,330,77
408,5,330,78
409,5,330,79
410,5,330,80
411,5,330,81
412,5,330,82
413,5,330,83
414,5,330,84
415,5,330,85
416,5,330,86
417,5,330,87
418,5,330,88
419,5,330,89
420,5,330,90
421,5,330,91
422,5,330,92
423,5,330,93
424,5,330,94
425,5,330,95
426,5,330,96
427,5,330,97
428,5,330,98
429,5,330,99
430,5,330,100
431,5,330,101
432,5,330,102
433,5,330,103
434,5,330,104
435,5,330,105
436,5,330,106
437,5,330,107
438,5,330,108
439,5,330,109
440,5,330,110
441,5,330,111
442,5,330,112
443,5,330,113
444,5,330,114
445,5,330,115
446,5,330,116
447,5,330,117
448,5,330,118
449,5,330,119
450,5,330,120
451,5,330,121
452,5,330,122
453,5,330,123
454,5,330,124
455,5,330,125
456,5,330,126
457,5,330,127
458,5,330,128
459,5,330,129
460,5,330,130
461,5,330,131
462,5,330,132
463,5,330,133
464,5,330,134
465,5,330,135
466,5,330,136
467,5,330,137
468,5,330,138
469,5,330,139
470,5,330,140
471,5,330,141
472,5,330,142
473,5,330,143
474,5,330,144
475,5,330,145
476,5,330,146
477,5,330,147
478,5,330,148
479,5,330,149
480,5,330,150
481,5,330,151
482,5,330,152
483,5,330,153
484,5,330,154
485,5,330,155
486,5,330,156
487,5,330,157
488,5,330,158
489,5,330,159
490,5,330,160
491,5,330,161
492,5,330,162
493,5,330,163
494,5,330,164
495,5,495,0
496,5,495,1
497,5,495,2
498,5,495,3
499,5,495,4
500,5,495,5
501,5,495,6
502,5,495,7
503,5,495,8
504,5,495,9
505,5,495,10
506,5,495,11
507,5,495,12
508,5,495,13
509,5,495,14
510,5,495,15
511,5,495,16
512,5,495,17
513,5,495,18
514,5,495,19
515,5,495,20
516,5,495,21
517,5,495,22
518,5,495,23
519,5,495,24
520,5,495,25
521,5,495,26
522,5,495,27
523,5,495,28
524,5,495,29
525,5,495,30
526,5,495,31
527,5,495,32
528,5,495,33
529,5,495,34
530,5,495,35
531,5,495,36
532,5,495,37
533,5,495,38
534,5,495,39
535,5,495,40
536,5,495,41
537,5,495,42
538,5,495,43
539,5,495,44
540,5,495,45
541,5,495,46
542,5,495,47
543,5,495,48
544,5,495,49
545,5,495,50
546,5,495,51
547,5,495,52
548,5,495,53
549,5,495,54
550,5,495,55
551,5,495,56
552,5,495,57
553,5,495,58
554,5,495,59
555,5,495,60
556,5,495,61
557,5,495,62
558,5,495,63
559,5,495,64
560,5,495,65
561,5,495,66
562,5,495,67
563,5,495,68
564,5,495,69
565,5,495,70
566,5,495,71
567,5,495,72
568,5,495,73
569,5,495,74
570,5,495,75
571,5,495,76
572,5,495,77
573,5,495,78
574,5,495,79
575,5,495,80
576,5,495,81
577,5,495,82
578,5,495,83
579,5,495,84
580,5,495,85
581,5,495,86
582,5,495,87
583,5,495,88
584,5,495,89
585,5,495,90
586,5,495,91
587,5,495,92
588,5,495,93
589,5,495,94
590,5,495,95
591,5,495,96
592,5,495,97
593,5,495,98
594,5,495,99
595,5,495,100
596,5,495,101
597,5,495,102
598,5,495,103
599,5,495,104
600,5,495,105
601,5,495,106
602,5,495,107
603,5,495,108
604,5,495,109
605,5,495,110
606,5,495,111
607,5,495,112
608,5,495,113
609,5,495,114
610,5,495,115
611,5,495,116
612,5,495,117
613,5,495,118
614,5,495,119
615,5,495,120
616,5,495,121
617,5,495,122
618,5,495,123
619,5,495,124
620,5,495,125
621,5,495,126
622,5,495,127
623,5,495,128
624,5,495,129
625,5,495,130
626,5,495,131
627,5,495,132
628,5,495,133
629,5,495,134
630,5,495,135
631,5,495,136
632,5,495,137
633,5,495,138
634,5,495,139
635,5,495,140
636,5,495,141
637,5,495,142
638,5,495,143
639,5,495,144
640,5,495,145
641,5,495,146
642,5,495,147
643,5,495,148
644,5,495,149
645,5,495,150
646,5,495,151
647,5,495,152
648,5,495,153
649,5,495,154
650,5,495,155
651,5,495,156
652,5,495,157
653,5,495,158
654,5,495,159
655,5,495,160
656,5,495,161
657,5,495,162
658,5,495,163
659,5,495,164
660,5,495,165
661,5,495,166
662,5,495,167
663,5,495,168
664,5,495,169
665,5,495,170
666,5,495,171
667,5,495,172
668,5,495,173
669,5,495,174
670,5,495,175
671,5,495,176
672,5,495,177
673,5,495,178
674,5,495,179
675,5,495,180
676,5,495,181
677,5,495,182
678,5,495,183
679,5,495,184
680,5,495,185
681,5,495,186
682,5,495,187
683,5,495,188
684,5,495,189
685,5,495,190
686,5,495,191
687,5,495,192
688,5,495,193
689,5,495,194
690,5,495,195
691,5,495,196
692,5,495,197
693,5,495,198
694,5,495,199
695,5,495,200
696,5,495,201
697,5,495,202
698,5,495,203
699,5,495,204
700,5,495,205
701,5,495,206
702,5,495,207
703,5,495,208
704,5,495,209
705,5,495,210
706,5,495,211
707,5,495,212
708,5,495,213
709,5,495,214
710,5,495,215
711,5,495,216
712,5,495,217
713,5,495,218
714,5,495,219
715,5,715,0
716,5,715,1
717,5,715,2
718,5,715,3
719,5,715,4
720,5,715,5
721,5,715,6
722,5,715,7
723,5,715,8
724,5,715,9
725,5,715,10
726,5,715,11
727,5,715,12
728,5,715,13
729,5,715,14
730,5,715,15
731,5,715,16
732,5,715,17
733,5,715,18
734,5,715,19
735,5,715,20
736,5,715,21
737,5,715,22
738,5,715,23
739,5,715,24
740,5,715,25
741,5,715,26
742,5,715,27
743,5,715,28
744,5,715,29
745,5,715,30
746,5,715,31
747,5,715,32
748,5,715,33
749,5,715,34
750,5,715,35
751,5,715,36
752,5,715,37
753,5,715,38
754,5,715,39
755,5,715,40
756,5,715,41
757,5,715,42
758,5,715,43
759,5,715,44
760,5,715,45
761,5,715,46
762,5,715,47
763,5,715,48
764,5,715,49
765,5,715,50
766,5,715,51
767,5,715,52
768,5,715,53
769,5,715,54
770,5,715,55
771,5,715,56
772,5,715,57
773,5,715,58
774,5,715,59
775,5,715,60
776,5,715,61
777,5,715,62
778,5,715,63
779,5,715,64
780,5,715,65
781,5,715,66
782,5,715,67
783,5,715,68
784,5,715,69
785,5,715,70
786,5,715,71
787,5,715,72
788,5,715,73
789,5,715,74
790,5,715,75
791,5,715,76
792,5,715,77
793,5,715,78
794,5,715,79
795,5,715,80
796,5,715,81
797,5,715,82
798,5,715,83
799,5,715,84
800,5,715,85
801,5,715,86
802,5,715,87
803,5,715,88
804,5,715,89
805,5,715,90
806,5,715,91
807,5,715,92
808,5,715,93
809,5,715,94
810,5,715,95
811,5,715,96
812,5,715,97
813,5,715,98
814,5,715,99
815,5,715,100
816,5,715,101
817,5,715,102
818,5,715,103
819,5,715,104
820,5,715,105
821,5,715,106
822,5,715,107
823,5,715,108
824,5,715,109
825,5,715,110
826,5,715,111
827,5,715,112
828,5,715,113
829,5,715,114
830,5,715,115
831,5,715,116
832,5,715,117
833,5,715,118
834,5,715,119
835,5,715,120
836,5,715,121
837,5,715,122
838,5,715,123
839,5,715,124
840,5,715,125
841,5,715,126
842,5,715,127
843,5,715,128
844,5,715,129
845,5,715,130
846,5,715,131
847,5,715,132
848,5,715,133
849,5,715,134
850,5,715,135
851,5,715,136
852,5,715,137
853,5,715,138
854,5,715,139
855,5,715,140
856,5,715,141
857,5,715,142
858,5,715,143
859,5,715,144
860,5,715,145
861,5,715,146
862,5,715,147
863,5,715,148
864,5,715,149
865,5,715,150
866,5,715,151
867,5,715,152
868,5,715,153
869,5,715,154
870,5,715,155
871,5,715,156
872,5,715,157
873,5,715,158
874,5,715,159
875,5,715,160
876,5,715,161
877,5,715,162
878,5,715,163
879,5,715,164
880,5,715,165
881,5,715,166
882,5,715,167
883,5,715,168
884,5,715,169
885,5,715,170
886,5,715,171
887,5,715,172
888,5,715,173
889,5,715,174
890,5,715,175
891,5,715,176
892,5,715,177
893,5,715,178
894,5,715,179
895,5,715,180
896,5,715,181
897,5,715,182
898,5,715,183
899,5,715,184
900,5,715,185
901,5,715,186
902,5,715,187
903,5,715,188
904,5,715,189
905,5,715,190
906,5,715,191
907,5,715,192
908,5,715,193
909,5,715,194
910,5,715,195
911,5,715,196
912,5,715,197
913,5,715,198
914,5,715,199
915,5,715,200
916,5,715,201
917,5,715,202
918,5,715,203
919,5,715,204
920,5,715,205
921,5,715,206
922,5,715,207
923,5,715,208
924,5,715,209
925,5,715,210
926,5,715,211
927,5,715,212
928,5,715,213
929,5,715,214
930,5,715,215
931,5,715,216
932,5,715,217
933,5,715,218
934,5,715,219
935,5,715,220
936,5,715,221
937,5,715,222
938,5,715,223
939,5,715,224
940,5,715,225
941,5,715,226
942,5,715,227
943,5,715,228
944,5,715,229
945,5,715,230
946,5,715,231
947,5,715,232
948,5,715,233
949,5,715,234
950,5,715,235
951,5,715,236
952,5,715,237
953,5,715,238
954,5,715,239
955,5,715,240
956,5,715,241
957,5,715,242
958,5,715,243
959,5,715,244
960,5,715,245
961,5,715,246
962,5,715,247
963,5,715,248
964,5,715,249
965,5,715,250
966,5,715,251
967,5,715,252
968,5,715,253
969,5,715,254
970,5,715,255
971,5,715,256
972,5,715,257
973,5,715,258
974,5,715,259
975,5,715,260
976,5,715,261
977,5,715,262
978,5,715,263
979,5,715,264
980,5,715,265
981,5,715,266
982,5,715,267
983,5,715,268
984,5,715,269
985,5,715,270
986,5,715,271
987,5,715,272
988,5,715,273
989,5,715,274
990,5,715,275
991,5,715,276
992,5,715,277
993,5,715,278
994,5,715,279
995,5,715,280
996,5,715,281
997,5,715,282
998,5,715,283
999,5,715,284
1000,5,715,285
6,6,6,0
7,6,6,1
8,6,6,2
9,6,6,3
10,6,6,4
11,6,6,5
12,6,12,0
13,6,12,1
14,6,12,2
15,6,12,3
16,6,12,4
17,6,12,5
18,6,12,6
19,6,12,7
20,6,12,8
21,6,21,0
22,6,21,1
23,6,21,2
24,6,21,3
25,6,21,4
26,6,21,5
27,6,27,0
28,6,27,1
29,6,27,2
30,6,27,3
31,6,27,4
32,6,27,5
33,6,27,6
34,6,27,7
35,6,27,8
36,6,27,9
37,6,27,10
38,6,27,11
39,6,27,12
40,6,27,13
41,6,27,14
42,6,42,0
43,6,42,1
44,6,42,2
45,6,42,3
46,6,42,4
47,6,42,5
48,6,42,6
49,6,42,7
50,6,42,8
51,6,42,9
52,6,42,10
53,6,42,11
54,6,42,12
55,6,42,13
56,6,56,0
57,6,56,1
58,6,56,2
59,6,56,3
60,6,56,4
61,6,56,5
62,6,62,0
63,6,62,1
64,6,62,2
65,6,62,3
66,6,62,4
67,6,62,5
68,6,62,6
69,6,62,7
70,6,62,8
71,6,62,9
72,6,62,10
73,6,62,11
74,6,62,12
75,6,62,13
76,6,62,14
77,6,77,0
78,6,77,1
79,6,77,2
80,6,77,3
81,6,77,4
82,6,77,5
83,6,77,6
84,6,77,7
85,6,77,8
86,6,77,9
87,6,77,10
88,6,77,11
89,6,77,12
90,6,77,13
91,6,77,14
92,6,77,15
93,6,77,16
94,6,77,17
95,6,77,18
96,6,77,19
97,6,77,20
98,6,77,21
99,6,77,22
100,6,77,23
101,6,77,24
102,6,77,25
103,6,77,26
104,6,77,27
105,6,77,28
106,6,77,29
107,6,77,30
108,6,77,31
109,6,77,32
110,6,77,33
111,6,77,34
112,6,112,0
113,6,112,1
114,6,112,2
115,6,112,3
116,6,112,4
117,6,112,5
118,6,112,6
119,6,112,7
120,6,112,8
121,6,112,9
122,6,112,10
123,6,112,11
124,6,112,12
125,6,112,13
126,6,126,0
127,6,126,1
128,6,126,2
129,6,126,3
130,6,126,4
131,6,126,5
132,6,132,0
133,6,132,1
134,6,132,2
135,6,132,3
136,6,132,4
137,6,132,5
138,6,132,6
139,6,132,7
140,6,132,8
141,6,132,9
142,6,132,10
143,6,132,11
144,6,132,12
145,6,132,13
146,6,132,14
147,6,147,0
148,6,147,1
149,6,147,2
150,6,147,3
151,6,147,4
152,6,147,5
153,6,147,6
154,6,147,7
155,6,147,8
156,6,147,9
157,6,147,10
158,6,147,11
159,6,147,12
160,6,147,13
161,6,147,14
162,6,147,15
163,6,147,16
164,6,147,17
165,6,147,18
166,6,147,19
167,6,147,20
168,6,147,21
169,6,147,22
170,6,147,23
171,6,147,24
172,6,147,25
173,6,147,26
174,6,147,27
175,6,147,28
176,6,147,29
177,6,147,30
178,6,147,31
179,6,147,32
180,6,147,33
181,6,147,34
182,6,182,0
183,6,182,1
184,6,182,2
185,6,182,3
186,6,182,4
187,6,182,5
188,6,182,6
189,6,182,7
190,6,182,8
191,6,182,9
192,6,182,10
193,6,182,11
194,6,182,12
195,6,182,13
196,6,182,14
197,6,182,15
198,6,182,16
199,6,182,17
200,6,182,18
201,6,182,19
202,6,182,20
203,6,182,21
204,6,182,22
205,6,182,23
206,6,182,24
207,6,182,25
208,6,182,26
209,6,182,27
210,6,182,28
211,6,182,29
212,6,182,30
213,6,182,31
214,6,182,32
215,6,182,33
216,6,182,34
217,6,182,35
218,6,182,36
219,6,182,37
220,6,182,38
221,6,182,39
222,6,182,40
223,6,182,41
224,6,182,42
225,6,182,43
226,6,182,44
227,6,182,45
228,6,182,46
229,6,182,47
230,6,182,48
231,6,182,49
232,6,182,50
233,6,182,51
234,6,182,52
235,6,182,53
236,6,182,54
237,6,182,55
238,6,182,56
239,6,182,57
240,6,182,58
241,6,182,59
242,6,182,60
243,6,182,61
244,6,182,62
245,6,182,63
246,6,182,64
247,6,182,65
248,6,182,66
249,6,182,67
250,6,182,68
251,6,182,69
252,6,252,0
253,6,252,1
254,6,252,2
255,6,252,3
256,6,252,4
257,6,252,5
258,6,258,0
259,6,258,1
260,6,258,2
261,6,258,3
262,6,258,4
263,6,258,5
264,6,258,6
265,6,258,7
266,6,258,8
267,6,258,9
268,6,258,10
269,6,258,11
270,6,258,12
271,6,258,13
272,6,258,14
273,6,273,0
274,6,273,1
275,6,273,2
276,6,273,3
277,6,273,4
278,6,273,5
279,6,273,6
280,6,273,7
281,6,273,8
282,6,273,9
283,6,273,10
284,6,273,11
285,6,273,12
286,6,273,13
287,6,273,14
288,6,273,15
289,6,273,16
290,6,273,17
291,6,273,18
292,6,273,19
293,6,273,20
294,6,273,21
295,6,273,22
296,6,273,23
297,6,273,24
298,6,273,25
299,6,273,26
300,6,273,27
301,6,273,28
302,6,273,29
303,6,273,30
304,6,273,31
305,6,273,32
306,6,273,33
307,6,273,34
308,6,308,0
309,6,308,1
310,6,308,2
311,6,308,3
312,6,308,4
313,6,308,5
314,6,308,6
315,6,308,7
316,6,308,8
317,6,308,9
318,6,308,10
319,6,308,11
320,6,308,12
321,6,308,13
322,6,308,14
323,6,308,15
324,6,308,16
325,6,308,17
326,6,308,18
327,6,308,19
328,6,308,20
329,6,308,21
330,6,308,22
331,6,308,23
332,6,308,24
333,6,308,25
334,6,308,26
335,6,308,27
336,6,308,28
337,6,308,29
338,6,308,30
339,6,308,31
340,6,308,32
341,6,308,33
342,6,308,34
343,6,308,35
344,6,308,36
345,6,308,37
346,6,308,38
347,6,308,39
348,6,308,40
349,6,308,41
350,6,308,42
351,6,308,43
352,6,308,44
353,6,308,45
354,6,308,46
355,6,308,47
356,6,308,48
357,6,308,49
358,6,308,50
359,6,308,51
360,6,308,52
361,6,308,53
362,6,308,54
363,6,308,55
364,6,308,56
365,6,308,57
366,6,308,58
367,6,308,59
368,6,308,60
369,6,308,61
370,6,308,62
371,6,308,63
372,6,308,64
373,6,308,65
374,6,308,66
375,6,308,67
376,6,308,68
377,6,308,69
378,6,378,0
379,6,378,1
380,6,378,2
381,6,378,3
382,6,378,4
383,6,378,5
384,6,378,6
385,6,378,7
386,6,378,8
387,6,378,9
388,6,378,10
389,6,378,11
390,6,378,12
391,6,378,13
392,6,378,14
393,6,378,15
394,6,378,16
395,6,378,17
396,6,378,18
397,6,378,19
398,6,378,20
399,6,378,21
400,6,378,22
401,6,378,23
402,6,378,24
403,6,378,25
404,6,378,26
405,6,378,27
406,6,378,28
407,6,378,29
408,6,378,30
409,6,378,31
410,6,378,32
411,6,378,33
412,6,378,34
413,6,378,35
414,6,378,36
415,6,378,37
416,6,378,38
417,6,378,39
418,6,378,40
419,6,378,41
420,6,378,42
421,6,378,43
422,6,378,44
423,6,378,45
424,6,378,46
425,6,378,47
426,6,378,48
427,6,378,49
428,6,378,50
429,6,378,51
430,6,378,52
431,6,378,53
432,6,378,54
433,6,378,55
434,6,378,56
435,6,378,57
436,6,378,58
437,6,378,59
438,6,378,60
439,6,378,61
440,6,378,62
441,6,378,63
442,6,378,64
443,6,378,65
444,6,378,66
445,6,378,67
446,6,378,68
447,6,378,69
448,6,378,70
449,6,378,71
450,6,378,72
451,6,378,73
452,6,378,74
453,6,378,75
454,6,378,76
455,6,378,77
456,6,378,78
457,6,378,79
458,6,378,80
459,6,378,81
460,6,378,82
461,6,378,83
462,6,462,0
463,6,462,1
464,6,462,2
465,6,462,3
466,6,462,4
467,6,462,5
468,6,462,6
469,6,462,7
470,6,462,8
471,6,462,9
472,6,462,10
473,6,462,11
474,6,462,12
475,6,462,13
476,6,462,14
477,6,462,15
478,6,462,16
479,6,462,17
480,6,462,18
481,6,462,19
482,6,462,20
483,6,462,21
484,6,462,22
485,6,462,23
486,6,462,24
487,6,462,25
488,6,462,26
489,6,462,27
490,6,462,28
491,6,462,29
492,6,462,30
493,6,462,31
494,6,462,32
495,6,462,33
496,6,462,34
497,6,462,35
498,6,462,36
499,6,462,37
500,6,462,38
501,6,462,39
502,6,462,40
503,6,462,41
504,6,462,42
505,6,462,43
506,6,462,44
507,6,462,45
508,6,462,46
509,6,462,47
510,6,462,48
511,6,462,49
512,6,462,50
513,6,462,51
514,6,462,52
515,6,462,53
516,6,462,54
517,6,462,55
518,6,462,56
519,6,462,57
520,6,462,58
521,6,462,59
522,6,462,60
523,6,462,61
524,6,462,62
525,6,462,63
526,6,462,64
527,6,462,65
528,6,462,66
529,6,462,67
530,6,462,68
531,6,462,69
532,6,462,70
533,6,462,71
534,6,462,72
535,6,462,73
536,6,462,74
537,6,462,75
538,6,462,76
539,6,462,77
540,6,462,78
541,6,462,79
542,6,462,80
543,6,462,81
544,6,462,82
545,6,462,83
546,6,462,84
547,6,462,85
548,6,462,86
549,6,462,87
550,6,462,88
551,6,462,89
552,6,462,90
553,6,462,91
554,6,462,92
555,6,462,93
556,6,462,94
557,6,462,95
558,6,462,96
559,6,462,97
560,6,462,98
561,6,462,99
562,6,462,100
563,6,462,101
564,6,462,102
565,6,462,103
566,6,462,104
567,6,462,105
568,6,462,106
569,6,462,107
570,6,462,108
571,6,462,109
572,6,462,110
573,6,462,111
574,6,462,112
575,6,462,113
576,6,462,114
577,6,462,115
578,6,462,116
579,6,462,117
580,6,462,118
581,6,462,119
582,6,462,120
583,6,462,121
584,6,462,122
585,6,462,123
586,6,462,124
587,6,462,125
588,6,462,126
589,6,462,127
590,6,462,128
591,6,462,129
592,6,462,130
593,6,462,131
594,6,462,132
595,6,462,133
596,6,462,134
597,6,462,135
598,6,462,136
599,6,462,137
600,6,462,138
601,6,462,139
602,6,462,140
603,6,462,141
604,6,462,142
605,6,462,143
606,6,462,144
607,6,462,145
608,6,462,146
609,6,462,147
610,6,462,148
611,6,462,149
612,6,462,150
613,6,462,151
614,6,462,152
615,6,462,153
616,6,462,154
617,6,462,155
618,6,462,156
619,6,462,157
620,6,462,158
621,6,462,159
622,6,462,160
623,6,462,161
624,6,462,162
625,6,462,163
626,6,462,164
627,6,462,165
628,6,462,166
629,6,462,167
630,6,462,168
631,6,462,169
632,6,462,170
633,6,462,171
634,6,462,172
635,6,462,173
636,6,462,174
637,6,462,175
638,6,462,176
639,6,462,177
640,6,462,178
641,6,462,179
642,6,462,180
643,6,462,181
644,6,462,182
645,6,462,183
646,6,462,184
647,6,462,185
648,6,462,186
649,6,462,187
650,6,462,188
651,6,462,189
652,6,462,190
653,6,462,191
654,6,462,192
655,6,462,193
656,6,462,194
657,6,462,195
658,6,462,196
659,6,462,197
660,6,462,198
661,6,462,199
662,6,462,200
663,6,462,201
664,6,462,202
665,6,462,203
666,6,462,204
667,6,462,205
668,6,462,206
669,6,462,207
670,6,462,208
671,6,462,209
672,6,462,210
673,6,462,211
674,6,462,212
675,6,462,213
676,6,462,214
677,6,462,215
678,6,462,216
679,6,462,217
680,6,462,218
681,6,462,219
682,6,462,220
683,6,462,221
684,6,462,222
685,6,462,223
686,6,462,224
687,6,462,225
688,6,462,226
689,6,462,227
690,6,462,228
691,6,462,229
692,6,462,230
693,6,462,231
694,6,462,232
695,6,462,233
696,6,462,234
697,6,462,235
698,6,462,236
699,6,462,237
700,6,462,238
701,6,462,239
702,6,462,240
703,6,462,241
704,6,462,242
705,6,462,243
706,6,462,244
707,6,462,245
708,6,462,246
709,6,462,247
710,6,462,248
711,6,462,249
712,6,462,250
713,6,462,251
714,6,462,252
715,6,462,253
716,6,462,254
717,6,462,255
718,6,462,256
719,6,462,257
720,6,462,258
721,6,462,259
722,6,462,260
723,6,462,261
724,6,462,262
725,6,462,263
726,6,462,264
727,6,462,265
728,6,462,266
729,6,462,267
730,6,462,268
731,6,462,269
732,6,462,270
733,6,462,271
734,6,462,272
735,6,462,273
736,6,462,274
737,6,462,275
738,6,462,276
739,6,462,277
740,6,462,278
741,6,462,279
742,6,462,280
743,6,462,281
744,6,462,282
745,6,462,283
746,6,462,284
747,6,462,285
748,6,462,286
749,6,462,287
750,6,462,288
751,6,462,289
752,6,462,290
753,6,462,291
754,6,462,292
755,6,462,293
756,6,462,294
757,6,462,295
758,6,462,296
759,6,462,297
760,6,462,298
761,6,462,299
762,6,462,300
763,6,462,301
764,6,462,302
765,6,462,303
766,6,462,304
767,6,462,305
768,6,462,306
769,6,462,307
770,6,462,308
771,6,462,309
772,6,462,310
773,6,462,311
774,6,462,312
775,6,462,313
776,6,462,314
777,6,462,315
778,6,462,316
779,6,462,317
780,6,462,318
781,6,462,319
782,6,462,320
783,6,462,321
784,6,462,322
785,6,462,323
786,6,462,324
787,6,462,325
788,6,462,326
789,6,462,327
790,6,462,328
791,6,462,329
792,6,792,0
793,6,792,1
794,6,792,2
795,6,792,3
796,6,792,4
797,6,792,5
798,6,792,6
799,6,792,7
800,6,792,8
801,6,792,9
802,6,792,10
803,6,792,11
804,6,792,12
805,6,792,13
806,6,792,14
807,6,792,15
808,6,792,16
809,6,792,17
810,6,792,18
811,6,792,19
812,6,792,20
813,6,792,21
814,6,792,22
815,6,792,23
816,6,792,24
817,6,792,25
818,6,792,26
819,6,792,27
820,6,792,28
821,6,792,29
822,6,792,30
823,6,792,31
824,6,792,32
825,6,792,33
826,6,792,34
827,6,792,35
828,6,792,36
829,6,792,37
830,6,792,38
831,6,792,39
832,6,792,40
833,6,792,41
834,6,792,42
835,6,792,43
836,6,792,44
837,6,792,45
838,6,792,46
839,6,792,47
840,6,792,48
841,6,792,49
842,6,792,50
843,6,792,51
844,6,792,52
845,6,792,53
846,6,792,54
847,6,792,55
848,6,792,56
849,6,792,57
850,6,792,58
851,6,792,59
852,6,792,60
853,6,792,61
854,6,792,62
855,6,792,63
856,6,792,64
857,6,792,65
858,6,792,66
859,6,792,67
860,6,792,68
861,6,792,69
862,6,792,70
863,6,792,71
864,6,792,72
865,6,792,73
866,6,792,74
867,6,792,75
868,6,792,76
869,6,792,77
870,6,792,78
871,6,792,79
872,6,792,80
873,6,792,81
874,6,792,82
875,6,792,83
876,6,792,84
877,6,792,85
878,6,792,86
879,6,792,87
880,6,792,88
881,6,792,89
882,6,792,90
883,6,792,91
884,6,792,92
885,6,792,93
886,6,792,94
887,6,792,95
888,6,792,96
889,6,792,97
890,6,792,98
891,6,792,99
892,6,792,100
893,6,792,101
894,6,792,102
895,6,792,103
896,6,792,104
897,6,792,105
898,6,792,106
899,6,792,107
900,6,792,108
901,6,792,109
902,6,792,110
903,6,792,111
904,6,792,112
905,6,792,113
906,6,792,114
907,6,792,115
908,6,792,116
909,6,792,117
910,6,792,118
911,6,792,119
912,6,792,120
913,6,792,121
914,6,792,122
915,6,792,123
916,6,792,124
917,6,792,125
918,6,792,126
919,6,792,127
920,6,792,128
921,6,792,129
922,6,792,130
923,6,792,131
924,6,792,132
925,6,792,133
926,6,792,134
927,6,792,135
928,6,792,136
929,6,792,137
930,6,792,138
931,6,792,139
932,6,792,140
933,6,792,141
934,6,792,142
935,6,792,143
936,6,792,144
937,6,792,145
938,6,792,146
939,6,792,147
940,6,792,148
941,6,792,149
942,6,792,150
943,6,792,151
944,6,792,152
945,6,792,153
946,6,792,154
947,6,792,155
948,6,792,156
949,6,792,157
950,6,792,158
951,6,792,159
952,6,792,160
953,6,792,161
954,6,792,162
955,6,792,163
956,6,792,164
957,6,792,165
958,6,792,166
959,6,792,167
960,6,792,168
961,6,792,169
962,6,792,170
963,6,792,171
964,6,792,172
965,6,792,173
966,6,792,174
967,6,792,175
968,6,792,176
969,6,792,177
970,6,792,178
971,6,792,179
972,6,792,180
973,6,792,181
974,6,792,182
975,6,792,183
976,6,792,184
977,6,792,185
978,6,792,186
979,6,792,187
980,6,792,188
981,6,792,189
982,6,792,190
983,6,792,191
984,6,792,192
985,6,792,193
986,6,792,194
987,6,792,195
988,6,792,196
989,6,792,197
990,6,792,198
991,6,792,199
992,6,792,200
993,6,792,201
994,6,792,202
995,6,792,203
996,6,792,204
997,6,792,205
998,6,792,206
999,6,792,207
1000,6,792,208
7,7,7,0
8,7,7,1
9,7,7,2
10,7,7,3
11,7,7,4
12,7,7,5
13,7,7,6
14,7,14,0
15,7,14,1
16,7,14,2
17,7,14,3
18,7,14,4
19,7,14,5
20,7,14,6
21,7,14,7
22,7,14,8
23,7,14,9
24,7,14,10
25,7,14,11
26,7,14,12
27,7,14,13
28,7,28,0
29,7,28,1
30,7,28,2
31,7,28,3
32,7,28,4
33,7,28,5
34,7,28,6
35,7,35,0
36,7,35,1
37,7,35,2
38,7,35,3
39,7,35,4
40,7,35,5
41,7,35,6
42,7,35,7
43,7,35,8
44,7,35,9
45,7,35,10
46,7,35,11
47,7,35,12
48,7,35,13
49,7,35,14
50,7,35,15
51,7,35,16
52,7,35,17
53,7,35,18
54,7,35,19
55,7,35,20
56,7,56,0
57,7,56,1
58,7,56,2
59,7,56,3
60,7,56,4
61,7,56,5
62,7,56,6
63,7,56,7
64,7,56,8
65,7,56,9
66,7,56,10
67,7,56,11
68,7,56,12
69,7,56,13
70,7,56,14
71,7,56,15
72,7,56,16
73,7,56,17
74,7,56,18
75,7,56,19
76,7,56,20
77,7,56,21
78,7,56,22
79,7,56,23
80,7,56,24
81,7,56,25
82,7,56,26
83,7,56,27
84,7,84,0
85,7,84,1
86,7,84,2
87,7,84,3
88,7,84,4
89,7,84,5
90,7,84,6
91,7,91,0
92,7,91,1
93,7,91,2
94,7,91,3
95,7,91,4
96,7,91,5
97,7,91,6
98,7,91,7
99,7,91,8
100,7,91,9
101,7,91,10
102,7,91,11
103,7,91,12
104,7,91,13
105,7,91,14
106,7,91,15
107,7,91,16
108,7,91,17
109,7,91,18
110,7,91,19
111,7,91,20
112,7,112,0
113,7,112,1
114,7,112,2
115,7,112,3
116,7,112,4
117,7,112,5
118,7,112,6
119,7,112,7
120,7,112,8
121,7,112,9
122,7,112,10
123,7,112,11
124,7,112,12
125,7,112,13
126,7,112,14
127,7,112,15
128,7,112,16
129,7,112,17
130,7,112,18
131,7,112,19
132,7,112,20
133,7,112,21
134,7,112,22
135,7,112,23
136,7,112,24
137,7,112,25
138,7,112,26
139,7,112,27
140,7,112,28
141,7,112,29
142,7,112,30
143,7,112,31
144,7,112,32
145,7,112,33
146,7,112,34
147,7,112,35
148,7,112,36
149,7,112,37
150,7,112,38
151,7,112,39
152,7,112,40
153,7,112,41
154,7,112,42
155,7,112,43
156,7,112,44
157,7,112,45
158,7,112,46
159,7,112,47
160,7,112,48
161,7,112,49
162,7,112,50
163,7,112,51
164,7,112,52
165,7,112,53
166,7,112,54
167,7,112,55
168,7,168,0
169,7,168,1
170,7,168,2
171,7,168,3
172,7,168,4
173,7,168,5
174,7,168,6
175,7,168,7
176,7,168,8
177,7,168,9
178,7,168,10
179,7,168,11
180,7,168,12
181,7,168,13
182,7,168,14
183,7,168,15
184,7,168,16
185,7,168,17
186,7,168,18
187,7,168,19
188,7,168,20
189,7,168,21
190,7,168,22
191,7,168,23
192,7,168,24
193,7,168,25
194,7,168,26
195,7,168,27
196,7,168,28
197,7,168,29
198,7,168,30
199,7,168,31
200,7,168,32
201,7,168,33
202,7,168,34
203,7,168,35
204,7,168,36
205,7,168,37
206,7,168,38
207,7,168,39
208,7,168,40
209,7,168,41
210,7,210,0
211,7,210,1
212,7,210,2
213,7,210,3
214,7,210,4
215,7,210,5
216,7,210,6
217,7,217,0
218,7,217,1
219,7,217,2
220,7,217,3
221,7,217,4
222,7,217,5
223,7,217,6
224,7,217,7
225,7,217,8
226,7,217,9
227,7,217,10
228,7,217,11
229,7,217,12
230,7,217,13
231,7,217,14
232,7,217,15
233,7,217,16
234,7,217,17
235,7,217,18
236,7,217,19
237,7,217,20
238,7,238,0
239,7,238,1
240,7,238,2
241,7,238,3
242,7,238,4
243,7,238,5
244,7,238,6
245,7,238,7
246,7,238,8
247,7,238,9
248,7,238,10
249,7,238,11
250,7,238,12
251,7,238,13
252,7,238,14
253,7,238,15
254,7,238,16
255,7,238,17
256,7,238,18
257,7,238,19
258,7,238,20
259,7,238,21
260,7,238,22
261,7,238,23
262,7,238,24
263,7,238,25
264,7,238,26
265,7,238,27
266,7,238,28
267,7,238,29
268,7,238,30
269,7,238,31
270,7,238,32
271,7,238,33
272,7,238,34
273,7,238,35
274,7,238,36
275,7,238,37
276,7,238,38
277,7,238,39
278,7,238,40
279,7,238,41
280,7,238,42
281,7,238,43
282,7,238,44
283,7,238,45
284,7,238,46
285,7,238,47
286,7,238,48
287,7,238,49
288,7,238,50
289,7,238,51
290,7,238,52
291,7,238,53
292,7,238,54
293,7,238,55
294,7,294,0
295,7,294,1
296,7,294,2
297,7,294,3
298,7,294,4
299,7,294,5
300,7,294,6
301,7,294,7
302,7,294,8
303,7,294,9
304,7,294,10
305,7,294,11
306,7,294,12
307,7,294,13
308,7,294,14
309,7,294,15
310,7,294,16
311,7,294,17
312,7,294,18
313,7,294,19
314,7,294,20
315,7,294,21
316,7,294,22
317,7,294,23
318,7,294,24
319,7,294,25
320,7,294,26
321,7,294,27
322,7,294,28
323,7,294,29
324,7,294,30
325,7,294,31
326,7,294,32
327,7,294,33
328,7,294,34
329,7,294,35
330,7,294,36
331,7,294,37
332,7,294,38
333,7,294,39
334,7,294,40
335,7,294,41
336,7,294,42
337,7,294,43
338,7,294,44
339,7,294,45
340,7,294,46
341,7,294,47
342,7,294,48
343,7,294,49
344,7,294,50
345,7,294,51
346,7,294,52
347,7,294,53
348,7,294,54
349,7,294,55
350,7,294,56
351,7,294,57
352,7,294,58
353,7,294,59
354,7,294,60
355,7,294,61
356,7,294,62
357,7,294,63
358,7,294,64
359,7,294,65
360,7,294,66
361,7,294,67
362,7,294,68
363,7,294,69
364,7,294,70
365,7,294,71
366,7,294,72
367,7,294,73
368,7,294,74
369,7,294,75
370,7,294,76
371,7,294,77
372,7,294,78
373,7,294,79
374,7,294,80
375,7,294,81
376,7,294,82
377,7,294,83
378,7,294,84
379,7,294,85
380,7,294,86
381,7,294,87
382,7,294,88
383,7,294,89
384,7,294,90
385,7,294,91
386,7,294,92
387,7,294,93
388,7,294,94
389,7,294,95
390,7,294,96
391,7,294,97
392,7,294,98
393,7,294,99
394,7,294,100
395,7,294,101
396,7,294,102
397,7,294,103
398,7,294,104
399,7,294,105
400,7,294,106
401,7,294,107
402,7,294,108
403,7,294,109
404,7,294,110
405,7,294,111
406,7,294,112
407,7,294,113
408,7,294,114
409,7,294,115
410,7,294,116
411,7,294,117
412,7,294,118
413,7,294,119
414,7,294,120
415,7,294,121
416,7,294,122
417,7,294,123
418,7,294,124
419,7,294,125
420,7,420,0
421,7,420,1
422,7,420,2
423,7,420,3
424,7,420,4
425,7,420,5
426,7,420,6
427,7,420,7
428,7,420,8
429,7,420,9
430,7,420,10
431,7,420,11
432,7,420,12
433,7,420,13
434,7,420,14
435,7,420,15
436,7,420,16
437,7,420,17
438,7,420,18
439,7,420,19
440,7,420,20
441,7,420,21
442,7,420,22
443,7,420,23
444,7,420,24
445,7,420,25
446,7,420,26
447,7,420,27
448,7,420,28
449,7,420,29
450,7,420,30
451,7,420,31
452,7,420,32
453,7,420,33
454,7,420,34
455,7,420,35
456,7,420,36
457,7,420,37
458,7,420,38
459,7,420,39
460,7,420,40
461,7,420,41
462,7,462,0
463,7,462,1
464,7,462,2
465,7,462,3
466,7,462,4
467,7,462,5
468,7,462,6
469,7,469,0
470,7,469,1
471,7,469,2
472,7,469,3
473,7,469,4
474,7,469,5
475,7,469,6
476,7,469,7
477,7,469,8
478,7,469,9
479,7,469,10
480,7,469,11
481,7,469,12
482,7,469,13
483,7,469,14
484,7,469,15
485,7,469,16
486,7,469,17
487,7,469,18
488,7,469,19
489,7,469,20
490,7,490,0
491,7,490,1
492,7,490,2
493,7,490,3
494,7,490,4
495,7,490,5
496,7,490,6
497,7,490,7
498,7,490,8
499,7,490,9
500,7,490,10
501,7,490,11
502,7,490,12
503,7,490,13
504,7,490,14
505,7,490,15
506,7,490,16
507,7,490,17
508,7,490,18
509,7,490,19
510,7,490,20
511,7,490,21
512,7,490,22
513,7,490,23
514,7,490,24
515,7,490,25
516,7,490,26
517,7,490,27
518,7,490,28
519,7,490,29
520,7,490,30
521,7,490,31
522,7,490,32
523,7,490,33
524,7,490,34
525,7,490,35
526,7,490,36
527,7,490,37
528,7,490,38
529,7,490,39
530,7,490,40
531,7,490,41
532,7,490,42
533,7,490,43
534,7,490,44
535,7,490,45
536,7,490,46
537,7,490,47
538,7,490,48
539,7,490,49
540,7,490,50
541,7,490,51
542,7,490,52
543,7,490,53
544,7,490,54
545,7,490,55
546,7,546,0
547,7,546,1
548,7,546,2
549,7,546,3
550,7,546,4
551,7,546,5
552,7,546,6
553,7,546,7
554,7,546,8
555,7,546,9
556,7,546,10
557,7,546,11
558,7,546,12
559,7,546,13
560,7,546,14
561,7,546,15
562,7,546,16
563,7,546,17
564,7,546,18
565,7,546,19
566,7,546,20
567,7,546,21
568,7,546,22
569,7,546,23
570,7,546,24
571,7,546,25
572,7,546,26
573,7,546,27
574,7,546,28
575,7,546,29
576,7,546,30
577,7,546,31
578,7,546,32
579,7,546,33
580,7,546,34
581,7,546,35
582,7,546,36
583,7,546,37
584,7,546,38
585,7,546,39
586,7,546,40
587,7,546,41
588,7,546,42
589,7,546,43
590,7,546,44
591,7,546,45
592,7,546,46
593,7,546,47
594,7,546,48
595,7,546,49
596,7,546,50
597,7,546,51
598,7,546,52
599,7,546,53
600,7,546,54
601,7,546,55
602,7,546,56
603,7,546,57
604,7,546,58
605,7,546,59
606,7,546,60
607,7,546,61
608,7,546,62
609,7,546,63
610,7,546,64
611,7,546,65
612,7,546,66
613,7,546,67
614,7,546,68
615,7,546,69
616,7,546,70
617,7,546,71
618,7,546,72
619,7,546,73
620,7,546,74
621,7,546,75
622,7,546,76
623,7,546,77
624,7,546,78
625,7,546,79
626,7,546,80
627,7,546,81
628,7,546,82
629,7,546,83
630,7,546,84
631,7,546,85
632,7,546,86
633,7,546,87
634,7,546,88
635,7,546,89
636,7,546,90
637,7,546,91
638,7,546,92
639,7,546,93
640,7,546,94
641,7,546,95
642,7,546,96
643,7,546,97
644,7,546,98
645,7,546,99
646,7,546,100
647,7,546,101
648,7,546,102
649,7,546,103
650,7,546,104
651,7,546,105
652,7,546,106
653,7,546,107
654,7,546,108
655,7,546,109
656,7,546,110
657,7,546,111
658,7,546,112
659,7,546,113
660,7,546,114
661,7,546,115
662,7,546,116
663,7,546,117
664,7,546,118
665,7,546,119
666,7,546,120
667,7,546,121
668,7,546,122
669,7,546,123
670,7,546,124
671,7,546,125
672,7,672,0
673,7,672,1
674,7,672,2
675,7,672,3
676,7,672,4
677,7,672,5
678,7,672,6
679,7,672,7
680,7,672,8
681,7,672,9
682,7,672,10
683,7,672,11
684,7,672,12
685,7,672,13
686,7,672,14
687,7,672,15
688,7,672,16
689,7,672,17
690,7,672,18
691,7,672,19
692,7,672,20
693,7,672,21
694,7,672,22
695,7,672,23
696,7,672,24
697,7,672,25
698,7,672,26
699,7,672,27
700,7,672,28
701,7,672,29
702,7,672,30
703,7,672,31
704,7,672,32
705,7,672,33
706,7,672,34
707,7,672,35
708,7,672,36
709,7,672,37
710,7,672,38
711,7,672,39
712,7,672,40
713,7,672,41
714,7,672,42
715,7,672,43
716,7,672,44
717,7,672,45
718,7,672,46
719,7,672,47
720,7,672,48
721,7,672,49
722,7,672,50
723,7,672,51
724,7,672,52
725,7,672,53
726,7,672,54
727,7,672,55
728,7,672,56
729,7,672,57
730,7,672,58
731,7,672,59
732,7,672,60
733,7,672,61
734,7,672,62
735,7,672,63
736,7,672,64
737,7,672,65
738,7,672,66
739,7,672,67
740,7,672,68
741,7,672,69
742,7,672,70
743,7,672,71
744,7,672,72
745,7,672,73
746,7,672,74
747,7,672,75
748,7,672,76
749,7,672,77
750,7,672,78
751,7,672,79
752,7,672,80
753,7,672,81
754,7,672,82
755,7,672,83
756,7,672,84
757,7,672,85
758,7,672,86
759,7,672,87
760,7,672,88
761,7,672,89
762,7,672,90
763,7,672,91
764,7,672,92
765,7,672,93
766,7,672,94
767,7,672,95
768,7,672,96
769,7,672,97
770,7,672,98
771,7,672,99
772,7,672,100
773,7,672,101
774,7,672,102
775,7,672,103
776,7,672,104
777,7,672,105
778,7,672,106
779,7,672,107
780,7,672,108
781,7,672,109
782,7,672,110
783,7,672,111
784,7,672,112
785,7,672,113
786,7,672,114
787,7,672,115
788,7,672,116
789,7,672,117
790,7,672,118
791,7,672,119
792,7,672,120
793,7,672,121
794,7,672,122
795,7,672,123
796,7,672,124
797,7,672,125
798,7,672,126
799,7,672,127
800,7,672,128
801,7,672,129
802,7,672,130
803,7,672,131
804,7,672,132
805,7,672,133
806,7,672,134
807,7,672,135
808,7,672,136
809,7,672,137
810,7,672,138
811,7,672,139
812,7,672,140
813,7,672,141
814,7,672,142
815,7,672,143
816,7,672,144
817,7,672,145
818,7,672,146
819,7,672,147
820,7,672,148
821,7,672,149
822,7,672,150
823,7,672,151
824,7,672,152
825,7,672,153
826,7,672,154
827,7,672,155
828,7,672,156
829,7,672,157
830,7,672,158
831,7,672,159
832,7,672,160
833,7,672,161
834,7,672,162
835,7,672,163
836,7,672,164
837,7,672,165
838,7,672,166
839,7,672,167
840,7,672,168
841,7,672,169
842,7,672,170
843,7,672,171
844,7,672,172
845,7,672,173
846,7,672,174
847,7,672,175
848,7,672,176
849,7,672,177
850,7,672,178
851,7,672,179
852,7,672,180
853,7,672,181
854,7,672,182
855,7,672,183
856,7,672,184
857,7,672,185
858,7,672,186
859,7,672,187
860,7,672,188
861,7,672,189
862,7,672,190
863,7,672,191
864,7,672,192
865,7,672,193
866,7,672,194
867,7,672,195
868,7,672,196
869,7,672,197
870,7,672,198
871,7,672,199
872,7,672,200
873,7,672,201
874,7,672,202
875,7,672,203
876,7,672,204
877,7,672,205
878,7,672,206
879,7,672,207
880,7,672,208
881,7,672,209
882,7,672,210
883,7,672,211
884,7,672,212
885,7,672,213
886,7,672,214
887,7,672,215
888,7,672,216
889,7,672,217
890,7,672,218
891,7,672,219
892,7,672,220
893,7,672,221
894,7,672,222
895,7,672,223
896,7,672,224
897,7,672,225
898,7,672,226
899,7,672,227
900,7,672,228
901,7,672,229
902,7,672,230
903,7,672,231
904,7,672,232
905,7,672,233
906,7,672,234
907,7,672,235
908,7,672,236
909,7,672,237
910,7,672,238
911,7,672,239
912,7,672,240
913,7,672,241
914,7,672,242
915,7,672,243
916,7,672,244
917,7,672,245
918,7,672,246
919,7,672,247
920,7,672,248
921,7,672,249
922,7,672,250
923,7,672,251
924,7,924,0
925,7,924,1
926,7,924,2
927,7,924,3
928,7,924,4
929,7,924,5
930,7,924,6
931,7,931,0
932,7,931,1
933,7,931,2
934,7,931,3
935,7,931,4
936,7,931,5
937,7,931,6
938,7,931,7
939,7,931,8
940,7,931,9
941,7,931,10
942,7,931,11
943,7,931,12
944,7,931,13
945,7,931,14
946,7,931,15
947,7,931,16
948,7,931,17
949,7,931,18
950,7,931,19
951,7,931,20
952,7,952,0
953,7,952,1
954,7,952,2
955,7,952,3
956,7,952,4
957,7,952,5
958,7,952,6
959,7,952,7
960,7,952,8
961,7,952,9
962,7,952,10
963,7,952,11
964,7,952,12
965,7,952,13
966,7,952,14
967,7,952,15
968,7,952,16
969,7,952,17
970,7,952,18
971,7,952,19
972,7,952,20
973,7,952,21
974,7,952,22
975,7,952,23
976,7,952,24
977,7,952,25
978,7,952,26
979,7,952,27
980,7,952,28
981,7,952,29
982,7,952,30
983,7,952,31
984,7,952,32
985,7,952,33
986,7,952,34
987,7,952,35
988,7,952,36
989,7,952,37
990,7,952,38
991,7,952,39
992,7,952,40
993,7,952,41
994,7,952,42
995,7,952,43
996,7,952,44
997,7,952,45
998,7,952,46
999,7,952,47
1000,7,952,48
8,8,8,0
9,8,8,1
10,8,8,2
11,8,8,3
12,8,8,4
13,8,8,5
14,8,8,6
15,8,8,7
16,8,16,0
17,8,16,1
18,8,16,2
19,8,16,3
20,8,16,4
21,8,16,5
22,8,16,6
23,8,16,7
24,8,16,8
25,8,16,9
26,8,16,10
27,8,16,11
28,8,16,12
29,8,16,13
30,8,16,14
31,8,16,15
32,8,16,16
33,8,16,17
34,8,16,18
35,8,16,19
36,8,36,0
37,8,36,1
38,8,36,2
39,8,36,3
40,8,36,4
41,8,36,5
42,8,36,6
43,8,36,7
44,8,44,0
45,8,44,1
46,8,44,2
47,8,44,3
48,8,44,4
49,8,44,5
50,8,44,6
51,8,44,7
52,8,44,8
53,8,44,9
54,8,44,10
55,8,44,11
56,8,44,12
57,8,44,13
58,8,44,14
59,8,44,15
60,8,44,16
61,8,44,17
62,8,44,18
63,8,44,19
64,8,44,20
65,8,44,21
66,8,44,22
67,8,44,23
68,8,44,24
69,8,44,25
70,8,44,26
71,8,44,27
72,8,72,0
73,8,72,1
74,8,72,2
75,8,72,3
76,8,72,4
77,8,72,5
78,8,72,6
79,8,72,7
80,8,72,8
81,8,72,9
82,8,72,10
83,8,72,11
84,8,72,12
85,8,72,13
86,8,72,14
87,8,72,15
88,8,72,16
89,8,72,17
90,8,72,18
91,8,72,19
92,8,72,20
93,8,72,21
94,8,72,22
95,8,72,23
96,8,72,24
97,8,72,25
98,8,72,26
99,8,72,27
100,8,72,28
101,8,72,29
102,8,72,30
103,8,72,31
104,8,72,32
105,8,72,33
106,8,72,34
107,8,72,35
108,8,72,36
109,8,72,37
110,8,72,38
111,8,72,39
112,8,72,40
113,8,72,41
114,8,72,42
115,8,72,43
116,8,72,44
117,8,72,45
118,8,72,46
119,8,72,47
120,8,120,0
121,8,120,1
122,8,120,2
123,8,120,3
124,8,120,4
125,8,120,5
126,8,120,6
127,8,120,7
128,8,128,0
129,8,128,1
130,8,128,2
131,8,128,3
132,8,128,4
133,8,128,5
134,8,128,6
135,8,128,7
136,8,128,8
137,8,128,9
138,8,128,10
139,8,128,11
140,8,128,12
141,8,128,13
142,8,128,14
143,8,128,15
144,8,128,16
145,8,128,17
146,8,128,18
147,8,128,19
148,8,128,20
149,8,128,21
150,8,128,22
151,8,128,23
152,8,128,24
153,8,128,25
154,8,128,26
155,8,128,27
156,8,156,0
157,8,156,1
158,8,156,2
159,8,156,3
160,8,156,4
161,8,156,5
162,8,156,6
163,8,156,7
164,8,156,8
165,8,156,9
166,8,156,10
167,8,156,11
168,8,156,12
169,8,156,13
170,8,156,14
171,8,156,15
172,8,156,16
173,8,156,17
174,8,156,18
175,8,156,19
176,8,156,20
177,8,156,21
178,8,156,22
179,8,156,23
180,8,156,24
181,8,156,25
182,8,156,26
183,8,156,27
184,8,156,28
185,8,156,29
186,8,156,30
187,8,156,31
188,8,156,32
189,8,156,33
190,8,156,34
191,8,156,35
192,8,156,36
193,8,156,37
194,8,156,38
195,8,156,39
196,8,156,40
197,8,156,41
198,8,156,42
199,8,156,43
200,8,156,44
201,8,156,45
202,8,156,46
203,8,156,47
204,8,156,48
205,8,156,49
206,8,156,50
207,8,156,51
208,8,156,52
209,8,156,53
210,8,156,54
211,8,156,55
212,8,156,56
213,8,156,57
214,8,156,58
215,8,156,59
216,8,156,60
217,8,156,61
218,8,156,62
219,8,156,63
220,8,156,64
221,8,156,65
222,8,156,66
223,8,156,67
224,8,156,68
225,8,156,69
226,8,156,70
227,8,156,71
228,8,156,72
229,8,156,73
230,8,156,74
231,8,156,75
232,8,156,76
233,8,156,77
234,8,156,78
235,8,156,79
236,8,156,80
237,8,156,81
238,8,156,82
239,8,156,83
240,8,240,0
241,8,240,1
242,8,240,2
243,8,240,3
244,8,240,4
245,8,240,5
246,8,240,6
247,8,240,7
248,8,240,8
249,8,240,9
250,8,240,10
251,8,240,11
252,8,240,12
253,8,240,13
254,8,240,14
255,8,240,15
256,8,240,16
257,8,240,17
258,8,240,18
259,8,240,19
260,8,240,20
261,8,240,21
262,8,240,22
263,8,240,23
264,8,240,24
265,8,240,25
266,8,240,26
267,8,240,27
268,8,240,28
269,8,240,29
270,8,240,30
271,8,240,31
272,8,240,32
273,8,240,33
274,8,240,34
275,8,240,35
276,8,240,36
277,8,240,37
278,8,240,38
279,8,240,39
280,8,240,40
281,8,240,41
282,8,240,42
283,8,240,43
284,8,240,44
285,8,240,45
286,8,240,46
287,8,240,47
288,8,240,48
289,8,240,49
290,8,240,50
291,8,240,51
292,8,240,52
293,8,240,53
294,8,240,54
295,8,240,55
296,8,240,56
297,8,240,57
298,8,240,58
299,8,240,59
300,8,240,60
301,8,240,61
302,8,240,62
303,8,240,63
304,8,240,64
305,8,240,65
306,8,240,66
307,8,240,67
308,8,240,68
309,8,240,69
310,8,240,70
311,8,240,71
312,8,240,72
313,8,240,73
314,8,240,74
315,8,240,75
316,8,240,76
317,8,240,77
318,8,240,78
319,8,240,79
320,8,240,80
321,8,240,81
322,8,240,82
323,8,240,83
324,8,240,84
325,8,240,85
326,8,240,86
327,8,240,87
328,8,240,88
329,8,240,89
330,8,330,0
331,8,330,1
332,8,330,2
333,8,330,3
334,8,330,4
335,8,330,5
336,8,330,6
337,8,330,7
338,8,338,0
339,8,338,1
340,8,338,2
341,8,338,3
342,8,338,4
343,8,338,5
344,8,338,6
345,8,338,7
346,8,338,8
347,8,338,9
348,8,338,10
349,8,338,11
350,8,338,12
351,8,338,13
352,8,338,14
353,8,338,15
354,8,338,16
355,8,338,17
356,8,338,18
357,8,338,19
358,8,338,20
359,8,338,21
360,8,338,22
361,8,338,23
362,8,338,24
363,8,338,25
364,8,338,26
365,8,338,27
366,8,366,0
367,8,366,1
368,8,366,2
369,8,366,3
370,8,366,4
371,8,366,5
372,8,366,6
373,8,366,7
374,8,366,8
375,8,366,9
376,8,366,10
377,8,366,11
378,8,366,12
379,8,366,13
380,8,366,14
381,8,366,15
382,8,366,16
383,8,366,17
384,8,366,18
385,8,366,19
386,8,366,20
387,8,366,21
388,8,366,22
389,8,366,23
390,8,366,24
391,8,366,25
392,8,366,26
393,8,366,27
394,8,366,28
395,8,366,29
396,8,366,30
397,8,366,31
398,8,366,32
399,8,366,33
400,8,366,34
401,8,366,35
402,8,366,36
403,8,366,37
404,8,366,38
405,8,366,39
406,8,366,40
407,8,366,41
408,8,366,42
409,8,366,43
410,8,366,44
411,8,366,45
412,8,366,46
413,8,366,47
414,8,366,48
415,8,366,49
416,8,366,50
417,8,366,51
418,8,366,52
419,8,366,53
420,8,366,54
421,8,366,55
422,8,366,56
423,8,366,57
424,8,366,58
425,8,366,59
426,8,366,60
427,8,366,61
428,8,366,62
429,8,366,63
430,8,366,64
431,8,366,65
432,8,366,66
433,8,366,67
434,8,366,68
435,8,366,69
436,8,366,70
437,8,366,71
438,8,366,72
439,8,366,73
440,8,366,74
441,8,366,75
442,8,366,76
443,8,366,77
444,8,366,78
445,8,366,79
446,8,366,80
447,8,366,81
448,8,366,82
449,8,366,83
450,8,450,0
451,8,450,1
452,8,450,2
453,8,450,3
454,8,450,4
455,8,450,5
456,8,450,6
457,8,450,7
458,8,450,8
459,8,450,9
460,8,450,10
461,8,450,11
462,8,450,12
463,8,450,13
464,8,450,14
465,8,450,15
466,8,450,16
467,8,450,17
468,8,450,18
469,8,450,19
470,8,450,20
471,8,450,21
472,8,450,22
473,8,450,23
474,8,450,24
475,8,450,25
476,8,450,26
477,8,450,27
478,8,450,28
479,8,450,29
480,8,450,30
481,8,450,31
482,8,450,32
483,8,450,33
484,8,450,34
485,8,450,35
486,8,450,36
487,8,450,37
488,8,450,38
489,8,450,39
490,8,450,40
491,8,450,41
492,8,450,42
493,8,450,43
494,8,450,44
495,8,450,45
496,8,450,46
497,8,450,47
498,8,450,48
499,8,450,49
500,8,450,50
501,8,450,51
502,8,450,52
503,8,450,53
504,8,450,54
505,8,450,55
506,8,450,56
507,8,450,57
508,8,450,58
509,8,450,59
510,8,450,60
511,8,450,61
512,8,450,62
513,8,450,63
514,8,450,64
515,8,450,65
516,8,450,66
517,8,450,67
518,8,450,68
519,8,450,69
520,8,450,70
521,8,450,71
522,8,450,72
523,8,450,73
524,8,450,74
525,8,450,75
526,8,450,76
527,8,450,77
528,8,450,78
529,8,450,79
530,8,450,80
531,8,450,81
532,8,450,82
533,8,450,83
534,8,450,84
535,8,450,85
536,8,450,86
537,8,450,87
538,8,450,88
539,8,450,89
540,8,450,90
541,8,450,91
542,8,450,92
543,8,450,93
544,8,450,94
545,8,450,95
546,8,450,96
547,8,450,97
548,8,450,98
549,8,450,99
550,8,450,100
551,8,450,101
552,8,450,102
553,8,450,103
554,8,450,104
555,8,450,105
556,8,450,106
557,8,450,107
558,8,450,108
559,8,450,109
560,8,450,110
561,8,450,111
562,8,450,112
563,8,450,113
564,8,450,114
565,8,450,115
566,8,450,116
567,8,450,117
568,8,450,118
569,8,450,119
570,8,450,120
571,8,450,121
572,8,450,122
573,8,450,123
574,8,450,124
575,8,450,125
576,8,450,126
577,8,450,127
578,8,450,128
579,8,450,129
580,8,450,130
581,8,450,131
582,8,450,132
583,8,450,133
584,8,450,134
585,8,450,135
586,8,450,136
587,8,450,137
588,8,450,138
589,8,450,139
590,8,450,140
591,8,450,141
592,8,450,142
593,8,450,143
594,8,450,144
595,8,450,145
596,8,450,146
597,8,450,147
598,8,450,148
599,8,450,149
600,8,450,150
601,8,450,151
602,8,450,152
603,8,450,153
604,8,450,154
605,8,450,155
606,8,450,156
607,8,450,157
608,8,450,158
609,8,450,159
610,8,450,160
611,8,450,161
612,8,450,162
613,8,450,163
614,8,450,164
615,8,450,165
616,8,450,166
617,8,450,167
618,8,450,168
619,8,450,169
620,8,450,170
621,8,450,171
622,8,450,172
623,8,450,173
624,8,450,174
625,8,450,175
626,8,450,176
627,8,450,177
628,8,450,178
629,8,450,179
630,8,450,180
631,8,450,181
632,8,450,182
633,8,450,183
634,8,450,184
635,8,450,185
636,8,450,186
637,8,450,187
638,8,450,188
639,8,450,189
640,8,450,190
641,8,450,191
642,8,450,192
643,8,450,193
644,8,450,194
645,8,450,195
646,8,450,196
647,8,450,197
648,8,450,198
649,8,450,199
650,8,450,200
651,8,450,201
652,8,450,202
653,8,450,203
654,8,450,204
655,8,450,205
656,8,450,206
657,8,450,207
658,8,450,208
659,8,450,209
660,8,660,0
661,8,660,1
662,8,660,2
663,8,660,3
664,8,660,4
665,8,660,5
666,8,660,6
667,8,660,7
668,8,660,8
669,8,660,9
670,8,660,10
671,8,660,11
672,8,660,12
673,8,660,13
674,8,660,14
675,8,660,15
676,8,660,16
677,8,660,17
678,8,660,18
679,8,660,19
680,8,660,20
681,8,660,21
682,8,660,22
683,8,660,23
684,8,660,24
685,8,660,25
686,8,660,26
687,8,660,27
688,8,660,28
689,8,660,29
690,8,660,30
691,8,660,31
692,8,660,32
693,8,660,33
694,8,660,34
695,8,660,35
696,8,660,36
697,8,660,37
698,8,660,38
699,8,660,39
700,8,660,40
701,8,660,41
702,8,660,42
703,8,660,43
704,8,660,44
705,8,660,45
706,8,660,46
707,8,660,47
708,8,660,48
709,8,660,49
710,8,660,50
711,8,660,51
712,8,660,52
713,8,660,53
714,8,660,54
715,8,660,55
716,8,660,56
717,8,660,57
718,8,660,58
719,8,660,59
720,8,660,60
721,8,660,61
722,8,660,62
723,8,660,63
724,8,660,64
725,8,660,65
726,8,660,66
727,8,660,67
728,8,660,68
729,8,660,69
730,8,660,70
731,8,660,71
732,8,660,72
733,8,660,73
734,8,660,74
735,8,660,75
736,8,660,76
737,8,660,77
738,8,660,78
739,8,660,79
740,8,660,80
741,8,660,81
742,8,660,82
743,8,660,83
744,8,660,84
745,8,660,85
746,8,660,86
747,8,660,87
748,8,660,88
749,8,660,89
750,8,660,90
751,8,660,91
752,8,660,92
753,8,660,93
754,8,660,94
755,8,660,95
756,8,660,96
757,8,660,97
758,8,660,98
759,8,660,99
760,8,660,100
761,8,660,101
762,8,660,102
763,8,660,103
764,8,660,104
765,8,660,105
766,8,660,106
767,8,660,107
768,8,660,108
769,8,660,109
770,8,660,110
771,8,660,111
772,8,660,112
773,8,660,113
774,8,660,114
775,8,660,115
776,8,660,116
777,8,660,117
778,8,660,118
779,8,660,119
780,8,660,120
781,8,660,121
782,8,660,122
783,8,660,123
784,8,660,124
785,8,660,125
786,8,660,126
787,8,660,127
788,8,660,128
789,8,660,129
790,8,660,130
791,8,660,131
792,8,792,0
793,8,792,1
794,8,792,2
795,8,792,3
796,8,792,4
797,8,792,5
798,8,792,6
799,8,792,7
800,8,800,0
801,8,800,1
802,8,800,2
803,8,800,3
804,8,800,4
805,8,800,5
806,8,800,6
807,8,800,7
808,8,800,8
809,8,800,9
810,8,800,10
811,8,800,11
812,8,800,12
813,8,800,13
814,8,800,14
815,8,800,15
816,8,800,16
817,8,800,17
818,8,800,18
819,8,800,19
820,8,800,20
821,8,800,21
822,8,800,22
823,8,800,23
824,8,800,24
825,8,800,25
826,8,800,26
827,8,800,27
828,8,828,0
829,8,828,1
830,8,828,2
831,8,828,3
832,8,828,4
833,8,828,5
834,8,828,6
835,8,828,7
836,8,828,8
837,8,828,9
838,8,828,10
839,8,828,11
840,8,828,12
841,8,828,13
842,8,828,14
843,8,828,15
844,8,828,16
845,8,828,17
846,8,828,18
847,8,828,19
848,8,828,20
849,8,828,21
850,8,828,22
851,8,828,23
852,8,828,24
853,8,828,25
854,8,828,26
855,8,828,27
856,8,828,28
857,8,828,29
858,8,828,30
859,8,828,31
860,8,828,32
861,8,828,33
862,8,828,34
863,8,828,35
864,8,828,36
865,8,828,37
866,8,828,38
867,8,828,39
868,8,828,40
869,8,828,41
870,8,828,42
871,8,828,43
872,8,828,44
873,8,828,45
874,8,828,46
875,8,828,47
876,8,828,48
877,8,828,49
878,8,828,50
879,8,828,51
880,8,828,52
881,8,828,53
882,8,828,54
883,8,828,55
884,8,828,56
885,8,828,57
886,8,828,58
887,8,828,59
888,8,828,60
889,8,828,61
890,8,828,62
891,8,828,63
892,8,828,64
893,8,828,65
894,8,828,66
895,8,828,67
896,8,828,68
897,8,828,69
898,8,828,70
899,8,828,71
900,8,828,72
901,8,828,73
902,8,828,74
903,8,828,75
904,8,828,76
905,8,828,77
906,8,828,78
907,8,828,79
908,8,828,80
909,8,828,81
910,8,828,82
911,8,828,83
912,8,912,0
913,8,912,1
914,8,912,2
915,8,912,3
916,8,912,4
917,8,912,5
918,8,912,6
919,8,912,7
920,8,912,8
921,8,912,9
922,8,912,10
923,8,912,11
924,8,912,12
925,8,912,13
926,8,912,14
927,8,912,15
928,8,912,16
929,8,912,17
930,8,912,18
931,8,912,19
932,8,912,20
933,8,912,21
934,8,912,22
935,8,912,23
936,8,912,24
937,8,912,25
938,8,912,26
939,8,912,27
940,8,912,28
941,8,912,29
942,8,912,30
943,8,912,31
944,8,912,32
945,8,912,33
946,8,912,34
947,8,912,35
948,8,912,36
949,8,912,37
950,8,912,38
951,8,912,39
952,8,912,40
953,8,912,41
954,8,912,42
955,8,912,43
956,8,912,44
957,8,912,45
958,8,912,46
959,8,912,47
960,8,912,48
961,8,912,49
962,8,912,50
963,8,912,51
964,8,912,52
965,8,912,53
966,8,912,54
967,8,912,55
968,8,912,56
969,8,912,57
970,8,912,58
971,8,912,59
972,8,912,60
973,8,912,61
974,8,912,62
975,8,912,63
976,8,912,64
977,8,912,65
978,8,912,66
979,8,912,67
980,8,912,68
981,8,912,69
982,8,912,70
983,8,912,71
984,8,912,72
985,8,912,73
986,8,912,74
987,8,912,75
988,8,912,76
989,8,912,77
990,8,912,78
991,8,912,79
992,8,912,80
993,8,912,81
994,8,912,82
995,8,912,83
996,8,912,84
997,8,912,85
998,8,912,86
999,8,912,87
1000,8,912,88
9,9,9,0
10,9,9,1
11,9,9,2
12,9,9,3
13,9,9,4
14,9,9,5
15,9,9,6
16,9,9,7
17,9,9,8
18,9,18,0
19,9,18,1
20,9,18,2
21,9,18,3
22,9,18,4
23,9,18,5
24,9,18,6
25,9,18,7
26,9,18,8
27,9,18,9
28,9,18,10
29,9,18,11
30,9,18,12
31,9,18,13
32,9,18,14
33,9,18,15
34,9,18,16
35,9,18,17
36,9,18,18
37,9,18,19
38,9,18,20
39,9,18,21
40,9,18,22
41,9,18,23
42,9,18,24
43,9,18,25
44,9,18,26
45,9,45,0
46,9,45,1
47,9,45,2
48,9,45,3
49,9,45,4
50,9,45,5
51,9,45,6
52,9,45,7
53,9,45,8
54,9,54,0
55,9,54,1
56,9,54,2
57,9,54,3
58,9,54,4
59,9,54,5
60,9,54,6
61,9,54,7
62,9,54,8
63,9,54,9
64,9,54,10
65,9,54,11
66,9,54,12
67,9,54,13
68,9,54,14
69,9,54,15
70,9,54,16
71,9,54,17
72,9,54,18
73,9,54,19
74,9,54,20
75,9,54,21
76,9,54,22
77,9,54,23
78,9,54,24
79,9,54,25
80,9,54,26
81,9,54,27
82,9,54,28
83,9,54,29
84,9,54,30
85,9,54,31
86,9,54,32
87,9,54,33
88,9,54,34
89,9,54,35
90,9,90,0
91,9,90,1
92,9,90,2
93,9,90,3
94,9,90,4
95,9,90,5
96,9,90,6
97,9,90,7
98,9,90,8
99,9,90,9
100,9,90,10
101,9,90,11
102,9,90,12
103,9,90,13
104,9,90,14
105,9,90,15
106,9,90,16
107,9,90,17
108,9,90,18
109,9,90,19
110,9,90,20
111,9,90,21
112,9,90,22
113,9,90,23
114,9,90,24
115,9,90,25
116,9,90,26
117,9,90,27
118,9,90,28
119,9,90,29
120,9,90,30
121,9,90,31
122,9,90,32
123,9,90,33
124,9,90,34
125,9,90,35
126,9,90,36
127,9,90,37
128,9,90,38
129,9,90,39
130,9,90,40
131,9,90,41
132,9,90,42
133,9,90,43
134,9,90,44
135,9,90,45
136,9,90,46
137,9,90,47
138,9,90,48
139,9,90,49
140,9,90,50
141,9,90,51
142,9,90,52
143,9,90,53
144,9,90,54
145,9,90,55
146,9,90,56
147,9,90,57
148,9,90,58
149,9,90,59
150,9,90,60
151,9,90,61
152,9,90,62
153,9,90,63
154,9,90,64
155,9,90,65
156,9,90,66
157,9,90,67
158,9,90,68
159,9,90,69
160,9,90,70
161,9,90,71
162,9,90,72
163,9,90,73
164,9,90,74
165,9,165,0
166,9,165,1
167,9,165,2
168,9,165,3
169,9,165,4
170,9,165,5
171,9,165,6
172,9,165,7
173,9,165,8
174,9,174,0
175,9,174,1
176,9,174,2
177,9,174,3
178,9,174,4
179,9,174,5
180,9,174,6
181,9,174,7
182,9,174,8
183,9,174,9
184,9,174,10
185,9,174,11
186,9,174,12
187,9,174,13
188,9,174,14
189,9,174,15
190,9,174,16
191,9,174,17
192,9,174,18
193,9,174,19
194,9,174,20
195,9,174,21
196,9,174,22
197,9,174,23
198,9,174,24
199,9,174,25
200,9,174,26
201,9,174,27
202,9,174,28
203,9,174,29
204,9,174,30
205,9,174,31
206,9,174,32
207,9,174,33
208,9,174,34
209,9,174,35
210,9,210,0
211,9,210,1
212,9,210,2
213,9,210,3
214,9,210,4
215,9,210,5
216,9,210,6
217,9,210,7
218,9,210,8
219,9,210,9
220,9,210,10
221,9,210,11
222,9,210,12
223,9,210,13
224,9,210,14
225,9,210,15
226,9,210,16
227,9,210,17
228,9,210,18
229,9,210,19
230,9,210,20
231,9,210,21
232,9,210,22
233,9,210,23
234,9,210,24
235,9,210,25
236,9,210,26
237,9,210,27
238,9,210,28
239,9,210,29
240,9,210,30
241,9,210,31
242,9,210,32
243,9,210,33
244,9,210,34
245,9,210,35
246,9,210,36
247,9,210,37
248,9,210,38
249,9,210,39
250,9,210,40
251,9,210,41
252,9,210,42
253,9,210,43
254,9,210,44
255,9,210,45
256,9,210,46
257,9,210,47
258,9,210,48
259,9,210,49
260,9,210,50
261,9,210,51
262,9,210,52
263,9,210,53
264,9,210,54
265,9,210,55
266,9,210,56
267,9,210,57
268,9,210,58
269,9,210,59
270,9,210,60
271,9,210,61
272,9,210,62
273,9,210,63
274,9,210,64
275,9,210,65
276,9,210,66
277,9,210,67
278,9,210,68
279,9,210,69
280,9,210,70
281,9,210,71
282,9,210,72
283,9,210,73
284,9,210,74
285,9,210,75
286,9,210,76
287,9,210,77
288,9,210,78
289,9,210,79
290,9,210,80
291,9,210,81
292,9,210,82
293,9,210,83
294,9,210,84
295,9,210,85
296,9,210,86
297,9,210,87
298,9,210,88
299,9,210,89
300,9,210,90
301,9,210,91
302,9,210,92
303,9,210,93
304,9,210,94
305,9,210,95
306,9,210,96
307,9,210,97
308,9,210,98
309,9,210,99
310,9,210,100
311,9,210,101
312,9,210,102
313,9,210,103
314,9,210,104
315,9,210,105
316,9,210,106
317,9,210,107
318,9,210,108
319,9,210,109
320,9,210,110
321,9,210,111
322,9,210,112
323,9,210,113
324,9,210,114
325,9,210,115
326,9,210,116
327,9,210,117
328,9,210,118
329,9,210,119
330,9,330,0
331,9,330,1
332,9,330,2
333,9,330,3
334,9,330,4
335,9,330,5
336,9,330,6
337,9,330,7
338,9,330,8
339,9,330,9
340,9,330,10
341,9,330,11
342,9,330,12
343,9,330,13
344,9,330,14
345,9,330,15
346,9,330,16
347,9,330,17
348,9,330,18
349,9,330,19
350,9,330,20
351,9,330,21
352,9,330,22
353,9,330,23
354,9,330,24
355,9,330,25
356,9,330,26
357,9,330,27
358,9,330,28
359,9,330,29
360,9,330,30
361,9,330,31
362,9,330,32
363,9,330,33
364,9,330,34
365,9,330,35
366,9,330,36
367,9,330,37
368,9,330,38
369,9,330,39
370,9,330,40
371,9,330,41
372,9,330,42
373,9,330,43
374,9,330,44
375,9,330,45
376,9,330,46
377,9,330,47
378,9,330,48
379,9,330,49
380,9,330,50
381,9,330,51
382,9,330,52
383,9,330,53
384,9,330,54
385,9,330,55
386,9,330,56
387,9,330,57
388,9,330,58
389,9,330,59
390,9,330,60
391,9,330,61
392,9,330,62
393,9,330,63
394,9,330,64
395,9,330,65
396,9,330,66
397,9,330,67
398,9,330,68
399,9,330,69
400,9,330,70
401,9,330,71
402,9,330,72
403,9,330,73
404,9,330,74
405,9,330,75
406,9,330,76
407,9,330,77
408,9,330,78
409,9,330,79
410,9,330,80
411,9,330,81
412,9,330,82
413,9,330,83
414,9,330,84
415,9,330,85
416,9,330,86
417,9,330,87
418,9,330,88
419,9,330,89
420,9,330,90
421,9,330,91
422,9,330,92
423,9,330,93
424,9,330,94
425,9,330,95
426,9,330,96
427,9,330,97
428,9,330,98
429,9,330,99
430,9,330,100
431,9,330,101
432,9,330,102
433,9,330,103
434,9,330,104
435,9,330,105
436,9,330,106
437,9,330,107
438,9,330,108
439,9,330,109
440,9,330,110
441,9,330,111
442,9,330,112
443,9,330,113
444,9,330,114
445,9,330,115
446,9,330,116
447,9,330,117
448,9,330,118
449,9,330,119
450,9,330,120
451,9,330,121
452,9,330,122
453,9,330,123
454,9,330,124
455,9,330,125
456,9,330,126
457,9,330,127
458,9,330,128
459,9,330,129
460,9,330,130
461,9,330,131
462,9,330,132
463,9,330,133
464,9,330,134
465,9,330,135
466,9,330,136
467,9,330,137
468,9,330,138
469,9,330,139
470,9,330,140
471,9,330,141
472,9,330,142
473,9,330,143
474,9,330,144
475,9,330,145
476,9,330,146
477,9,330,147
478,9,330,148
479,9,330,149
480,9,330,150
481,9,330,151
482,9,330,152
483,9,330,153
484,9,330,154
485,9,330,155
486,9,330,156
487,9,330,157
488,9,330,158
489,9,330,159
490,9,330,160
491,9,330,161
492,9,330,162
493,9,330,163
494,9,330,164
495,9,495,0
496,9,495,1
497,9,495,2
498,9,495,3
499,9,495,4
500,9,495,5
501,9,495,6
502,9,495,7
503,9,495,8
504,9,504,0
505,9,504,1
506,9,504,2
507,9,504,3
508,9,504,4
509,9,504,5
510,9,504,6
511,9,504,7
512,9,504,8
513,9,504,9
514,9,504,10
515,9,504,11
516,9,504,12
517,9,504,13
518,9,504,14
519,9,504,15
520,9,504,16
521,9,504,17
522,9,504,18
523,9,504,19
524,9,504,20
525,9,504,21
526,9,504,22
527,9,504,23
528,9,504,24
529,9,504,25
530,9,504,26
531,9,504,27
532,9,504,28
533,9,504,29
534,9,504,30
535,9,504,31
536,9,504,32
537,9,504,33
538,9,504,34
539,9,504,35
540,9,540,0
541,9,540,1
542,9,540,2
543,9,540,3
544,9,540,4
545,9,540,5
546,9,540,6
547,9,540,7
548,9,540,8
549,9,540,9
550,9,540,10
551,9,540,11
552,9,540,12
553,9,540,13
554,9,540,14
555,9,540,15
556,9,540,16
557,9,540,17
558,9,540,18
559,9,540,19
560,9,540,20
561,9,540,21
562,9,540,22
563,9,540,23
564,9,540,24
565,9,540,25
566,9,540,26
567,9,540,27
568,9,540,28
569,9,540,29
570,9,540,30
571,9,540,31
572,9,540,32
573,9,540,33
574,9,540,34
575,9,540,35
576,9,540,36
577,9,540,37
578,9,540,38
579,9,540,39
580,9,540,40
581,9,540,41
582,9,540,42
583,9,540,43
584,9,540,44
585,9,540,45
586,9,540,46
587,9,540,47
588,9,540,48
589,9,540,49
590,9,540,50
591,9,540,51
592,9,540,52
593,9,540,53
594,9,540,54
595,9,540,55
596,9,540,56
597,9,540,57
598,9,540,58
599,9,540,59
600,9,540,60
601,9,540,61
602,9,540,62
603,9,540,63
604,9,540,64
605,9,540,65
606,9,540,66
607,9,540,67
608,9,540,68
609,9,540,69
610,9,540,70
611,9,540,71
612,9,540,72
613,9,540,73
614,9,540,74
615,9,540,75
616,9,540,76
617,9,540,77
618,9,540,78
619,9,540,79
620,9,540,80
621,9,540,81
622,9,540,82
623,9,540,83
624,9,540,84
625,9,540,85
626,9,540,86
627,9,540,87
628,9,540,88
629,9,540,89
630,9,540,90
631,9,540,91
632,9,540,92
633,9,540,93
634,9,540,94
635,9,540,95
636,9,540,96
637,9,540,97
638,9,540,98
639,9,540,99
640,9,540,100
641,9,540,101
642,9,540,102
643,9,540,103
644,9,540,104
645,9,540,105
646,9,540,106
647,9,540,107
648,9,540,108
649,9,540,109
650,9,540,110
651,9,540,111
652,9,540,112
653,9,540,113
654,9,540,114
655,9,540,115
656,9,540,116
657,9,540,117
658,9,540,118
659,9,540,119
660,9,660,0
661,9,660,1
662,9,660,2
663,9,660,3
664,9,660,4
665,9,660,5
666,9,660,6
667,9,660,7
668,9,660,8
669,9,660,9
670,9,660,10
671,9,660,11
672,9,660,12
673,9,660,13
674,9,660,14
675,9,660,15
676,9,660,16
677,9,660,17
678,9,660,18
679,9,660,19
680,9,660,20
681,9,660,21
682,9,660,22
683,9,660,23
684,9,660,24
685,9,660,25
686,9,660,26
687,9,660,27
688,9,660,28
689,9,660,29
690,9,660,30
691,9,660,31
692,9,660,32
693,9,660,33
694,9,660,34
695,9,660,35
696,9,660,36
697,9,660,37
698,9,660,38
699,9,660,39
700,9,660,40
701,9,660,41
702,9,660,42
703,9,660,43
704,9,660,44
705,9,660,45
706,9,660,46
707,9,660,47
708,9,660,48
709,9,660,49
710,9,660,50
711,9,660,51
712,9,660,52
713,9,660,53
714,9,660,54
715,9,660,55
716,9,660,56
717,9,660,57
718,9,660,58
719,9,660,59
720,9,660,60
721,9,660,61
722,9,660,62
723,9,660,63
724,9,660,64
725,9,660,65
726,9,660,66
727,9,660,67
728,9,660,68
729,9,660,69
730,9,660,70
731,9,660,71
732,9,660,72
733,9,660,73
734,9,660,74
735,9,660,75
736,9,660,76
737,9,660,77
738,9,660,78
739,9,660,79
740,9,660,80
741,9,660,81
742,9,660,82
743,9,660,83
744,9,660,84
745,9,660,85
746,9,660,86
747,9,660,87
748,9,660,88
749,9,660,89
750,9,660,90
751,9,660,91
752,9,660,92
753,9,660,93
754,9,660,94
755,9,660,95
756,9,660,96
757,9,660,97
758,9,660,98
759,9,660,99
760,9,660,100
761,9,660,101
762,9,660,102
763,9,660,103
764,9,660,104
765,9,660,105
766,9,660,106
767,9,660,107
768,9,660,108
769,9,660,109
770,9,660,110
771,9,660,111
772,9,660,112
773,9,660,113
774,9,660,114
775,9,660,115
776,9,660,116
777,9,660,117
778,9,660,118
779,9,660,119
780,9,660,120
781,9,660,121
782,9,660,122
783,9,660,123
784,9,660,124
785,9,660,125
786,9,660,126
787,9,660,127
788,9,660,128
789,9,660,129
790,9,660,130
791,9,660,131
792,9,660,132
793,9,660,133
794,9,660,134
795,9,660,135
796,9,660,136
797,9,660,137
798,9,660,138
799,9,660,139
800,9,660,140
801,9,660,141
802,9,660,142
803,9,660,143
804,9,660,144
805,9,660,145
806,9,660,146
807,9,660,147
808,9,660,148
809,9,660,149
810,9,660,150
811,9,660,151
812,9,660,152
813,9,660,153
814,9,660,154
815,9,660,155
816,9,660,156
817,9,660,157
818,9,660,158
819,9,660,159
820,9,660,160
821,9,660,161
822,9,660,162
823,9,660,163
824,9,660,164
825,9,660,165
826,9,660,166
827,9,660,167
828,9,660,168
829,9,660,169
830,9,660,170
831,9,660,171
832,9,660,172
833,9,660,173
834,9,660,174
835,9,660,175
836,9,660,176
837,9,660,177
838,9,660,178
839,9,660,179
840,9,660,180
841,9,660,181
842,9,660,182
843,9,660,183
844,9,660,184
845,9,660,185
846,9,660,186
847,9,660,187
848,9,660,188
849,9,660,189
850,9,660,190
851,9,660,191
852,9,660,192
853,9,660,193
854,9,660,194
855,9,660,195
856,9,660,196
857,9,660,197
858,9,660,198
859,9,660,199
860,9,660,200
861,9,660,201
862,9,660,202
863,9,660,203
864,9,660,204
865,9,660,205
866,9,660,206
867,9,660,207
868,9,660,208
869,9,660,209
870,9,660,210
871,9,660,211
872,9,660,212
873,9,660,213
874,9,660,214
875,9,660,215
876,9,660,216
877,9,660,217
878,9,660,218
879,9,660,219
880,9,660,220
881,9,660,221
882,9,660,222
883,9,660,223
884,9,660,224
885,9,660,225
886,9,660,226
887,9,660,227
888,9,660,228
889,9,660,229
890,9,660,230
891,9,660,231
892,9,660,232
893,9,660,233
894,9,660,234
895,9,660,235
896,9,660,236
897,9,660,237
898,9,660,238
899,9,660,239
900,9,660,240
901,9,660,241
902,9,660,242
903,9,660,243
904,9,660,244
905,9,660,245
906,9,660,246
907,9,660,247
908,9,660,248
909,9,660,249
910,9,660,250
911,9,660,251
912,9,660,252
913,9,660,253
914,9,660,254
915,9,660,255
916,9,660,256
917,9,660,257
918,9,660,258
919,9,660,259
920,9,660,260
921,9,660,261
922,9,660,262
923,9,660,263
924,9,660,264
925,9,660,265
926,9,660,266
927,9,660,267
928,9,660,268
929,9,660,269
930,9,660,270
931,9,660,271
932,9,660,272
933,9,660,273
934,9,660,274
935,9,660,275
936,9,660,276
937,9,660,277
938,9,660,278
939,9,660,279
940,9,660,280
941,9,660,281
942,9,660,282
943,9,660,283
944,9,660,284
945,9,660,285
946,9,660,286
947,9,660,287
948,9,660,288
949,9,660,289
950,9,660,290
951,9,660,291
952,9,660,292
953,9,660,293
954,9,660,294
955,9,660,295
956,9,660,296
957,9,660,297
958,9,660,298
959,9,660,299
960,9,660,300
961,9,660,301
962,9,660,302
963,9,660,303
964,9,660,304
965,9,660,305
966,9,660,306
967,9,660,307
968,9,660,308
969,9,660,309
970,9,660,310
971,9,660,311
972,9,660,312
973,9,660,313
974,9,660,314
975,9,660,315
976,9,660,316
977,9,660,317
978,9,660,318
979,9,660,319
980,9,660,320
981,9,660,321
982,9,660,322
983,9,660,323
984,9,660,324
985,9,660,325
986,9,660,326
987,9,660,327
988,9,660,328
989,9,660,329
990,9,990,0
991,9,990,1
992,9,990,2
993,9,990,3
994,9,990,4
995,9,990,5
996,9,990,6
997,9,990,7
998,9,990,8
999,9,990,9
1000,9,990,10
10,10,10,0
11,10,10,1
12,10,10,2
13,10,10,3
14,10,10,4
15,10,10,5
16,10,10,6
17,10,10,7
18,10,10,8
19,10,10,9
20,10,20,0
21,10,20,1
22,10,20,2
23,10,20,3
24,10,20,4
25,10,20,5
26,10,20,6
27,10,20,7
28,10,20,8
29,10,20,9
30,10,20,10
31,10,20,11
32,10,20,12
33,10,20,13
34,10,20,14
35,10,20,15
36,10,20,16
37,10,20,17
38,10,20,18
39,10,20,19
40,10,20,20
41,10,20,21
42,10,20,22
43,10,20,23
44,10,20,24
45,10,20,25
46,10,20,26
47,10,20,27
48,10,20,28
49,10,20,29
50,10,20,30
51,10,20,31
52,10,20,32
53,10,20,33
54,10,20,34
55,10,55,0
56,10,55,1
57,10,55,2
58,10,55,3
59,10,55,4
60,10,55,5
61,10,55,6
62,10,55,7
63,10,55,8
64,10,55,9
65,10,65,0
66,10,65,1
67,10,65,2
68,10,65,3
69,10,65,4
70,10,65,5
71,10,65,6
72,10,65,7
73,10,65,8
74,10,65,9
75,10,65,10
76,10,65,11
77,10,65,12
78,10,65,13
79,10,65,14
80,10,65,15
81,10,65,16
82,10,65,17
83,10,65,18
84,10,65,19
85,10,65,20
86,10,65,21
87,10,65,22
88,10,65,23
89,10,65,24
90,10,65,25
91,10,65,26
92,10,65,27
93,10,65,28
94,10,65,29
95,10,65,30
96,10,65,31
97,10,65,32
98,10,65,33
99,10,65,34
100,10,65,35
101,10,65,36
102,10,65,37
103,10,65,38
104,10,65,39
105,10,65,40
106,10,65,41
107,10,65,42
108,10,65,43
109,10,65,44
110,10,110,0
111,10,110,1
112,10,110,2
113,10,110,3
114,10,110,4
115,10,110,5
116,10,110,6
117,10,110,7
118,10,110,8
119,10,110,9
120,10,110,10
121,10,110,11
122,10,110,12
123,10,110,13
124,10,110,14
125,10,110,15
126,10,110,16
127,10,110,17
128,10,110,18
129,10,110,19
130,10,110,20
131,10,110,21
132,10,110,22
133,10,110,23
134,10,110,24
135,10,110,25
136,10,110,26
137,10,110,27
138,10,110,28
139,10,110,29
140,10,110,30
141,10,110,31
142,10,110,32
143,10,110,33
144,10,110,34
145,10,110,35
146,10,110,36
147,10,110,37
148,10,110,38
149,10,110,39
150,10,110,40
151,10,110,41
152,10,110,42
153,10,110,43
154,10,110,44
155,10,110,45
156,10,110,46
157,10,110,47
158,10,110,48
159,10,110,49
160,10,110,50
161,10,110,51
162,10,110,52
163,10,110,53
164,10,110,54
165,10,110,55
166,10,110,56
167,10,110,57
168,10,110,58
169,10,110,59
170,10,110,60
171,10,110,61
172,10,110,62
173,10,110,63
174,10,110,64
175,10,110,65
176,10,110,66
177,10,110,67
178,10,110,68
179,10,110,69
180,10,110,70
181,10,110,71
182,10,110,72
183,10,110,73
184,10,110,74
185,10,110,75
186,10,110,76
187,10,110,77
188,10,110,78
189,10,110,79
190,10,110,80
191,10,110,81
192,10,110,82
193,10,110,83
194,10,110,84
195,10,110,85
196,10,110,86
197,10,110,87
198,10,110,88
199,10,110,89
200,10,110,90
201,10,110,91
202,10,110,92
203,10,110,93
204,10,110,94
205,10,110,95
206,10,110,96
207,10,110,97
208,10,110,98
209,10,110,99
210,10,110,100
211,10,110,101
212,10,110,102
213,10,110,103
214,10,110,104
215,10,110,105
216,10,110,106
217,10,110,107
218,10,110,108
219,10,110,109
220,10,220,0
221,10,220,1
222,10,220,2
223,10,220,3
224,10,220,4
225,10,220,5
226,10,220,6
227,10,220,7
228,10,220,8
229,10,220,9
230,10,230,0
231,10,230,1
232,10,230,2
233,10,230,3
234,10,230,4
235,10,230,5
236,10,230,6
237,10,230,7
238,10,230,8
239,10,230,9
240,10,230,10
241,10,230,11
242,10,230,12
243,10,230,13
244,10,230,14
245,10,230,15
246,10,230,16
247,10,230,17
248,10,230,18
249,10,230,19
250,10,230,20
251,10,230,21
252,10,230,22
253,10,230,23
254,10,230,24
255,10,230,25
256,10,230,26
257,10,230,27
258,10,230,28
259,10,230,29
260,10,230,30
261,10,230,31
262,10,230,32
263,10,230,33
264,10,230,34
265,10,230,35
266,10,230,36
267,10,230,37
268,10,230,38
269,10,230,39
270,10,230,40
271,10,230,41
272,10,230,42
273,10,230,43
274,10,230,44
275,10,275,0
276,10,275,1
277,10,275,2
278,10,275,3
279,10,275,4
280,10,275,5
281,10,275,6
282,10,275,7
283,10,275,8
284,10,275,9
285,10,275,10
286,10,275,11
287,10,275,12
288,10,275,13
289,10,275,14
290,10,275,15
291,10,275,16
292,10,275,17
293,10,275,18
294,10,275,19
295,10,275,20
296,10,275,21
297,10,275,22
298,10,275,23
299,10,275,24
300,10,275,25
301,10,275,26
302,10,275,27
303,10,275,28
304,10,275,29
305,10,275,30
306,10,275,31
307,10,275,32
308,10,275,33
309,10,275,34
310,10,275,35
311,10,275,36
312,10,275,37
313,10,275,38
314,10,275,39
315,10,275,40
316,10,275,41
317,10,275,42
318,10,275,43
319,10,275,44
320,10,275,45
321,10,275,46
322,10,275,47
323,10,275,48
324,10,275,49
325,10,275,50
326,10,275,51
327,10,275,52
328,10,275,53
329,10,275,54
330,10,275,55
331,10,275,56
332,10,275,57
333,10,275,58
334,10,275,59
335,10,275,60
336,10,275,61
337,10,275,62
338,10,275,63
339,10,275,64
340,10,275,65
341,10,275,66
342,10,275,67
343,10,275,68
344,10,275,69
345,10,275,70
346,10,275,71
347,10,275,72
348,10,275,73
349,10,275,74
350,10,275,75
351,10,275,76
352,10,275,77
353,10,275,78
354,10,275,79
355,10,275,80
356,10,275,81
357,10,275,82
358,10,275,83
359,10,275,84
360,10,275,85
361,10,275,86
362,10,275,87
363,10,275,88
364,10,275,89
365,10,275,90
366,10,275,91
367,10,275,92
368,10,275,93
369,10,275,94
370,10,275,95
371,10,275,96
372,10,275,97
373,10,275,98
374,10,275,99
375,10,275,100
376,10,275,101
377,10,275,102
378,10,275,103
379,10,275,104
380,10,275,105
381,10,275,106
382,10,275,107
383,10,275,108
384,10,275,109
385,10,275,110
386,10,275,111
387,10,275,112
388,10,275,113
389,10,275,114
390,10,275,115
391,10,275,116
392,10,275,117
393,10,275,118
394,10,275,119
395,10,275,120
396,10,275,121
397,10,275,122
398,10,275,123
399,10,275,124
400,10,275,125
401,10,275,126
402,10,275,127
403,10,275,128
404,10,275,129
405,10,275,130
406,10,275,131
407,10,275,132
408,10,275,133
409,10,275,134
410,10,275,135
411,10,275,136
412,10,275,137
413,10,275,138
414,10,275,139
415,10,275,140
416,10,275,141
417,10,275,142
418,10,275,143
419,10,275,144
420,10,275,145
421,10,275,146
422,10,275,147
423,10,275,148
424,10,275,149
425,10,275,150
426,10,275,151
427,10,275,152
428,10,275,153
429,10,275,154
430,10,275,155
431,10,275,156
432,10,275,157
433,10,275,158
434,10,275,159
435,10,275,160
436,10,275,161
437,10,275,162
438,10,275,163
439,10,275,164
440,10,440,0
441,10,440,1
442,10,440,2
443,10,440,3
444,10,440,4
445,10,440,5
446,10,440,6
447,10,440,7
448,10,440,8
449,10,440,9
450,10,440,10
451,10,440,11
452,10,440,12
453,10,440,13
454,10,440,14
455,10,440,15
456,10,440,16
457,10,440,17
458,10,440,18
459,10,440,19
460,10,440,20
461,10,440,21
462,10,440,22
463,10,440,23
464,10,440,24
465,10,440,25
466,10,440,26
467,10,440,27
468,10,440,28
469,10,440,29
470,10,440,30
471,10,440,31
472,10,440,32
473,10,440,33
474,10,440,34
475,10,440,35
476,10,440,36
477,10,440,37
478,10,440,38
479,10,440,39
480,10,440,40
481,10,440,41
482,10,440,42
483,10,440,43
484,10,440,44
485,10,440,45
486,10,440,46
487,10,440,47
488,10,440,48
489,10,440,49
490,10,440,50
491,10,440,51
492,10,440,52
493,10,440,53
494,10,440,54
495,10,440,55
496,10,440,56
497,10,440,57
498,10,440,58
499,10,440,59
500,10,440,60
501,10,440,61
502,10,440,62
503,10,440,63
504,10,440,64
505,10,440,65
506,10,440,66
507,10,440,67
508,10,440,68
509,10,440,69
510,10,440,70
511,10,440,71
512,10,440,72
513,10,440,73
514,10,440,74
515,10,440,75
516,10,440,76
517,10,440,77
518,10,440,78
519,10,440,79
520,10,440,80
521,10,440,81
522,10,440,82
523,10,440,83
524,10,440,84
525,10,440,85
526,10,440,86
527,10,440,87
528,10,440,88
529,10,440,89
530,10,440,90
531,10,440,91
532,10,440,92
533,10,440,93
534,10,440,94
535,10,440,95
536,10,440,96
537,10,440,97
538,10,440,98
539,10,440,99
540,10,440,100
541,10,440,101
542,10,440,102
543,10,440,103
544,10,440,104
545,10,440,105
546,10,440,106
547,10,440,107
548,10,440,108
549,10,440,109
550,10,440,110
551,10,440,111
552,10,440,112
553,10,440,113
554,10,440,114
555,10,440,115
556,10,440,116
557,10,440,117
558,10,440,118
559,10,440,119
560,10,440,120
561,10,440,121
562,10,440,122
563,10,440,123
564,10,440,124
565,10,440,125
566,10,440,126
567,10,440,127
568,10,440,128
569,10,440,129
570,10,440,130
571,10,440,131
572,10,440,132
573,10,440,133
574,10,440,134
575,10,440,135
576,10,440,136
577,10,440,137
578,10,440,138
579,10,440,139
580,10,440,140
581,10,440,141
582,10,440,142
583,10,440,143
584,10,440,144
585,10,440,145
586,10,440,146
587,10,440,147
588,10,440,148
589,10,440,149
590,10,440,150
591,10,440,151
592,10,440,152
593,10,440,153
594,10,440,154
595,10,440,155
596,10,440,156
597,10,440,157
598,10,440,158
599,10,440,159
600,10,440,160
601,10,440,161
602,10,440,162
603,10,440,163
604,10,440,164
605,10,440,165
606,10,440,166
607,10,440,167
608,10,440,168
609,10,440,169
610,10,440,170
611,10,440,171
612,10,440,172
613,10,440,173
614,10,440,174
615,10,440,175
616,10,440,176
617,10,440,177
618,10,440,178
619,10,440,179
620,10,440,180
621,10,440,181
622,10,440,182
623,10,440,183
624,10,440,184
625,10,440,185
626,10,440,186
627,10,440,187
628,10,440,188
629,10,440,189
630,10,440,190
631,10,440,191
632,10,440,192
633,10,440,193
634,10,440,194
635,10,440,195
636,10,440,196
637,10,440,197
638,10,440,198
639,10,440,199
640,10,440,200
641,10,440,201
642,10,440,202
643,10,440,203
644,10,440,204
645,10,440,205
646,10,440,206
647,10,440,207
648,10,440,208
649,10,440,209
650,10,440,210
651,10,440,211
652,10,440,212
653,10,440,213
654,10,440,214
655,10,440,215
656,10,440,216
657,10,440,217
658,10,440,218
659,10,440,219
660,10,440,220
661,10,440,221
662,10,440,222
663,10,440,223
664,10,440,224
665,10,440,225
666,10,440,226
667,10,440,227
668,10,440,228
669,10,440,229
670,10,440,230
671,10,440,231
672,10,440,232
673,10,440,233
674,10,440,234
675,10,440,235
676,10,440,236
677,10,440,237
678,10,440,238
679,10,440,239
680,10,440,240
681,10,440,241
682,10,440,242
683,10,440,243
684,10,440,244
685,10,440,245
686,10,440,246
687,10,440,247
688,10,440,248
689,10,440,249
690,10,440,250
691,10,440,251
692,10,440,252
693,10,440,253
694,10,440,254
695,10,440,255
696,10,440,256
697,10,440,257
698,10,440,258
699,10,440,259
700,10,440,260
701,10,440,261
702,10,440,262
703,10,440,263
704,10,440,264
705,10,440,265
706,10,440,266
707,10,440,267
708,10,440,268
709,10,440,269
710,10,440,270
711,10,440,271
712,10,440,272
713,10,440,273
714,10,440,274
715,10,715,0
716,10,715,1
717,10,715,2
718,10,715,3
719,10,715,4
720,10,715,5
721,10,715,6
722,10,715,7
723,10,715,8
724,10,715,9
725,10,725,0
726,10,725,1
727,10,725,2
728,10,725,3
729,10,725,4
730,10,725,5
731,10,725,6
732,10,725,7
733,10,725,8
734,10,725,9
735,10,725,10
736,10,725,11
737,10,725,12
738,10,725,13
739,10,725,14
740,10,725,15
741,10,725,16
742,10,725,17
743,10,725,18
744,10,725,19
745,10,725,20
746,10,725,21
747,10,725,22
748,10,725,23
749,10,725,24
750,10,725,25
751,10,725,26
752,10,725,27
753,10,725,28
754,10,725,29
755,10,725,30
756,10,725,31
757,10,725,32
758,10,725,33
759,10,725,34
760,10,725,35
761,10,725,36
762,10,725,37
763,10,725,38
764,10,725,39
765,10,725,40
766,10,725,41
767,10,725,42
768,10,725,43
769,10,725,44
770,10,770,0
771,10,770,1
772,10,770,2
773,10,770,3
774,10,770,4
775,10,770,5
776,10,770,6
777,10,770,7
778,10,770,8
779,10,770,9
780,10,770,10
781,10,770,11
782,10,770,12
783,10,770,13
784,10,770,14
785,10,770,15
786,10,770,16
787,10,770,17
788,10,770,18
789,10,770,19
790,10,770,20
791,10,770,21
792,10,770,22
793,10,770,23
794,10,770,24
795,10,770,25
796,10,770,26
797,10,770,27
798,10,770,28
799,10,770,29
800,10,770,30
801,10,770,31
802,10,770,32
803,10,770,33
804,10,770,34
805,10,770,35
806,10,770,36
807,10,770,37
808,10,770,38
809,10,770,39
810,10,770,40
811,10,770,41
812,10,770,42
813,10,770,43
814,10,770,44
815,10,770,45
816,10,770,46
817,10,770,47
818,10,770,48
819,10,770,49
820,10,770,50
821,10,770,51
822,10,770,52
823,10,770,53
824,10,770,54
825,10,770,55
826,10,770,56
827,10,770,57
828,10,770,58
829,10,770,59
830,10,770,60
831,10,770,61
832,10,770,62
833,10,770,63
834,10,770,64
835,10,770,65
836,10,770,66
837,10,770,67
838,10,770,68
839,10,770,69
840,10,770,70
841,10,770,71
842,10,770,72
843,10,770,73
844,10,770,74
845,10,770,75
846,10,770,76
847,10,770,77
848,10,770,78
849,10,770,79
850,10,770,80
851,10,770,81
852,10,770,82
853,10,770,83
854,10,770,84
855,10,770,85
856,10,770,86
857,10,770,87
858,10,770,88
859,10,770,89
860,10,770,90
861,10,770,91
862,10,770,92
863,10,770,93
864,10,770,94
865,10,770,95
866,10,770,96
867,10,770,97
868,10,770,98
869,10,770,99
870,10,770,100
871,10,770,101
872,10,770,102
873,10,770,103
874,10,770,104
875,10,770,105
876,10,770,106
877,10,770,107
878,10,770,108
879,10,770,109
880,10,770,110
881,10,770,111
882,10,770,112
883,10,770,113
884,10,770,114
885,10,770,115
886,10,770,116
887,10,770,117
888,10,770,118
889,10,770,119
890,10,770,120
891,10,770,121
892,10,770,122
893,10,770,123
894,10,770,124
895,10,770,125
896,10,770,126
897,10,770,127
898,10,770,128
899,10,770,129
900,10,770,130
901,10,770,131
902,10,770,132
903,10,770,133
904,10,770,134
905,10,770,135
906,10,770,136
907,10,770,137
908,10,770,138
909,10,770,139
910,10,770,140
911,10,770,141
912,10,770,142
913,10,770,143
914,10,770,144
915,10,770,145
916,10,770,146
917,10,770,147
918,10,770,148
919,10,770,149
920,10,770,150
921,10,770,151
922,10,770,152
923,10,770,153
924,10,770,154
925,10,770,155
926,10,770,156
927,10,770,157
928,10,770,158
929,10,770,159
930,10,770,160
931,10,770,161
932,10,770,162
933,10,770,163
934,10,770,164
935,10,935,0
936,10,935,1
937,10,935,2
938,10,935,3
939,10,935,4
940,10,935,5
941,10,935,6
942,10,935,7
943,10,935,8
944,10,935,9
945,10,935,10
946,10,935,11
947,10,935,12
948,10,935,13
949,10,935,14
950,10,935,15
951,10,935,16
952,10,935,17
953,10,935,18
954,10,935,19
955,10,935,20
956,10,935,21
957,10,935,22
958,10,935,23
959,10,935,24
960,10,935,25
961,10,935,26
962,10,935,27
963,10,935,28
964,10,935,29
965,10,935,30
966,10,935,31
967,10,935,32
968,10,935,33
969,10,935,34
970,10,935,35
971,10,935,36
972,10,935,37
973,10,935,38
974,10,935,39
975,10,935,40
976,10,935,41
977,10,935,42
978,10,935,43
979,10,935,44
980,10,935,45
981,10,935,46
982,10,935,47
983,10,935,48
984,10,935,49
985,10,935,50
986,10,935,51
987,10,935,52
988,10,935,53
989,10,935,54
990,10,935,55
991,10,935,56
992,10,935,57
993,10,935,58
994,10,935,59
995,10,935,60
996,10,935,61
997,10,935,62
998,10,935,63
999,10,935,64
1000,10,935,65
11,11,11,0
12,11,11,1
13,11,11,2
14,11,11,3
15,11,11,4
16,11,11,5
17,11,11,6
18,11,11,7
19,11,11,8
20,11,11,9
21,11,11,10
22,11,22,0
23,11,22,1
24,11,22,2
25,11,22,3
26,11,22,4
27,11,22,5
28,11,22,6
29,11,22,7
30,11,22,8
31,11,22,9
32,11,22,10
33,11,22,11
34,11,22,12
35,11,22,13
36,11,22,14
37,11,22,15
38,11,22,16
39,11,22,17
40,11,22,18
41,11,22,19
42,11,22,20
43,11,22,21
44,11,22,22
45,11,22,23
46,11,22,24
47,11,22,25
48,11,22,26
49,11,22,27
50,11,22,28
51,11,22,29
52,11,22,30
53,11,22,31
54,11,22,32
55,11,22,33
56,11,22,34
57,11,22,35
58,11,22,36
59,11,22,37
60,11,22,38
61,11,22,39
62,11,22,40
63,11,22,41
64,11,22,42
65,11,22,43
66,11,66,0
67,11,66,1
68,11,66,2
69,11,66,3
70,11,66,4
71,11,66,5
72,11,66,6
73,11,66,7
74,11,66,8
75,11,66,9
76,11,66,10
77,11,77,0
78,11,77,1
79,11,77,2
80,11,77,3
81,11,77,4
82,11,77,5
83,11,77,6
84,11,77,7
85,11,77,8
86,11,77,9
87,11,77,10
88,11,77,11
89,11,77,12
90,11,77,13
91,11,77,14
92,11,77,15
93,11,77,16
94,11,77,17
95,11,77,18
96,11,77,19
97,11,77,20
98,11,77,21
99,11,77,22
100,11,77,23
101,11,77,24
102,11,77,25
103,11,77,26
104,11,77,27
105,11,77,28
106,11,77,29
107,11,77,30
108,11,77,31
109,11,77,32
110,11,77,33
111,11,77,34
112,11,77,35
113,11,77,36
114,11,77,37
115,11,77,38
116,11,77,39
117,11,77,40
118,11,77,41
119,11,77,42
120,11,77,43
121,11,77,44
122,11,77,45
123,11,77,46
124,11,77,47
125,11,77,48
126,11,77,49
127,11,77,50
128,11,77,51
129,11,77,52
130,11,77,53
131,11,77,54
132,11,132,0
133,11,132,1
134,11,132,2
135,11,132,3
136,11,132,4
137,11,132,5
138,11,132,6
139,11,132,7
140,11,132,8
141,11,132,9
142,11,132,10
143,11,132,11
144,11,132,12
145,11,132,13
146,11,132,14
147,11,132,15
148,11,132,16
149,11,132,17
150,11,132,18
151,11,132,19
152,11,132,20
153,11,132,21
154,11,132,22
155,11,132,23
156,11,132,24
157,11,132,25
158,11,132,26
159,11,132,27
160,11,132,28
161,11,132,29
162,11,132,30
163,11,132,31
164,11,132,32
165,11,132,33
166,11,132,34
167,11,132,35
168,11,132,36
169,11,132,37
170,11,132,38
171,11,132,39
172,11,132,40
173,11,132,41
174,11,132,42
175,11,132,43
176,11,132,44
177,11,132,45
178,11,132,46
179,11,132,47
180,11,132,48
181,11,132,49
182,11,132,50
183,11,132,51
184,11,132,52
185,11,132,53
186,11,132,54
187,11,132,55
188,11,132,56
189,11,132,57
190,11,132,58
191,11,132,59
192,11,132,60
193,11,132,61
194,11,132,62
195,11,132,63
196,11,132,64
197,11,132,65
198,11,132,66
199,11,132,67
200,11,132,68
201,11,132,69
202,11,132,70
203,11,132,71
204,11,132,72
205,11,132,73
206,11,132,74
207,11,132,75
208,11,132,76
209,11,132,77
210,11,132,78
211,11,132,79
212,11,132,80
213,11,132,81
214,11,132,82
215,11,132,83
216,11,132,84
217,11,132,85
218,11,132,86
219,11,132,87
220,11,132,88
221,11,132,89
222,11,132,90
223,11,132,91
224,11,132,92
225,11,132,93
226,11,132,94
227,11,132,95
228,11,132,96
229,11,132,97
230,11,132,98
231,11,132,99
232,11,132,100
233,11,132,101
234,11,132,102
235,11,132,103
236,11,132,104
237,11,132,105
238,11,132,106
239,11,132,107
240,11,132,108
241,11,132,109
242,11,132,110
243,11,132,111
244,11,132,112
245,11,132,113
246,11,132,114
247,11,132,115
248,11,132,116
249,11,132,117
250,11,132,118
251,11,132,119
252,11,132,120
253,11,132,121
254,11,132,122
255,11,132,123
256,11,132,124
257,11,132,125
258,11,132,126
259,11,132,127
260,11,132,128
261,11,132,129
262,11,132,130
263,11,132,131
264,11,132,132
265,11,132,133
266,11,132,134
267,11,132,135
268,11,132,136
269,11,132,137
270,11,132,138
271,11,132,139
272,11,132,140
273,11,132,141
274,11,132,142
275,11,132,143
276,11,132,144
277,11,132,145
278,11,132,146
279,11,132,147
280,11,132,148
281,11,132,149
282,11,132,150
283,11,132,151
284,11,132,152
285,11,132,153
286,11,286,0
287,11,286,1
288,11,286,2
289,11,286,3
290,11,286,4
291,11,286,5
292,11,286,6
293,11,286,7
294,11,286,8
295,11,286,9
296,11,286,10
297,11,297,0
298,11,297,1
299,11,297,2
300,11,297,3
301,11,297,4
302,11,297,5
303,11,297,6
304,11,297,7
305,11,297,8
306,11,297,9
307,11,297,10
308,11,297,11
309,11,297,12
310,11,297,13
311,11,297,14
312,11,297,15
313,11,297,16
314,11,297,17
315,11,297,18
316,11,297,19
317,11,297,20
318,11,297,21
319,11,297,22
320,11,297,23
321,11,297,24
322,11,297,25
323,11,297,26
324,11,297,27
325,11,297,28
326,11,297,29
327,11,297,30
328,11,297,31
329,11,297,32
330,11,297,33
331,11,297,34
332,11,297,35
333,11,297,36
334,11,297,37
335,11,297,38
336,11,297,39
337,11,297,40
338,11,297,41
339,11,297,42
340,11,297,43
341,11,297,44
342,11,297,45
343,11,297,46
344,11,297,47
345,11,297,48
346,11,297,49
347,11,297,50
348,11,297,51
349,11,297,52
350,11,297,53
351,11,297,54
352,11,352,0
353,11,352,1
354,11,352,2
355,11,352,3
356,11,352,4
357,11,352,5
358,11,352,6
359,11,352,7
360,11,352,8
361,11,352,9
362,11,352,10
363,11,352,11
364,11,352,12
365,11,352,13
366,11,352,14
367,11,352,15
368,11,352,16
369,11,352,17
370,11,352,18
371,11,352,19
372,11,352,20
373,11,352,21
374,11,352,22
375,11,352,23
376,11,352,24
377,11,352,25
378,11,352,26
379,11,352,27
380,11,352,28
381,11,352,29
382,11,352,30
383,11,352,31
384,11,352,32
385,11,352,33
386,11,352,34
387,11,352,35
388,11,352,36
389,11,352,37
390,11,352,38
391,11,352,39
392,11,352,40
393,11,352,41
394,11,352,42
395,11,352,43
396,11,352,44
397,11,352,45
398,11,352,46
399,11,352,47
400,11,352,48
401,11,352,49
402,11,352,50
403,11,352,51
404,11,352,52
405,11,352,53
406,11,352,54
407,11,352,55
408,11,352,56
409,11,352,57
410,11,352,58
411,11,352,59
412,11,352,60
413,11,352,61
414,11,352,62
415,11,352,63
416,11,352,64
417,11,352,65
418,11,352,66
419,11,352,67
420,11,352,68
421,11,352,69
422,11,352,70
423,11,352,71
424,11,352,72
425,11,352,73
426,11,352,74
427,11,352,75
428,11,352,76
429,11,352,77
430,11,352,78
431,11,352,79
432,11,352,80
433,11,352,81
434,11,352,82
435,11,352,83
436,11,352,84
437,11,352,85
438,11,352,86
439,11,352,87
440,11,352,88
441,11,352,89
442,11,352,90
443,11,352,91
444,11,352,92
445,11,352,93
446,11,352,94
447,11,352,95
448,11,352,96
449,11,352,97
450,11,352,98
451,11,352,99
452,11,352,100
453,11,352,101
454,11,352,102
455,11,352,103
456,11,352,104
457,11,352,105
458,11,352,106
459,11,352,107
460,11,352,108
461,11,352,109
462,11,352,110
463,11,352,111
464,11,352,112
465,11,352,113
466,11,352,114
467,11,352,115
468,11,352,116
469,11,352,117
470,11,352,118
471,11,352,119
472,11,352,120
473,11,352,121
474,11,352,122
475,11,352,123
476,11,352,124
477,11,352,125
478,11,352,126
479,11,352,127
480,11,352,128
481,11,352,129
482,11,352,130
483,11,352,131
484,11,352,132
485,11,352,133
486,11,352,134
487,11,352,135
488,11,352,136
489,11,352,137
490,11,352,138
491,11,352,139
492,11,352,140
493,11,352,141
494,11,352,142
495,11,352,143
496,11,352,144
497,11,352,145
498,11,352,146
499,11,352,147
500,11,352,148
501,11,352,149
502,11,352,150
503,11,352,151
504,11,352,152
505,11,352,153
506,11,352,154
507,11,352,155
508,11,352,156
509,11,352,157
510,11,352,158
511,11,352,159
512,11,352,160
513,11,352,161
514,11,352,162
515,11,352,163
516,11,352,164
517,11,352,165
518,11,352,166
519,11,352,167
520,11,352,168
521,11,352,169
522,11,352,170
523,11,352,171
524,11,352,172
525,11,352,173
526,11,352,174
527,11,352,175
528,11,352,176
529,11,352,177
530,11,352,178
531,11,352,179
532,11,352,180
533,11,352,181
534,11,352,182
535,11,352,183
536,11,352,184
537,11,352,185
538,11,352,186
539,11,352,187
540,11,352,188
541,11,352,189
542,11,352,190
543,11,352,191
544,11,352,192
545,11,352,193
546,11,352,194
547,11,352,195
548,11,352,196
549,11,352,197
550,11,352,198
551,11,352,199
552,11,352,200
553,11,352,201
554,11,352,202
555,11,352,203
556,11,352,204
557,11,352,205
558,11,352,206
559,11,352,207
560,11,352,208
561,11,352,209
562,11,352,210
563,11,352,211
564,11,352,212
565,11,352,213
566,11,352,214
567,11,352,215
568,11,352,216
569,11,352,217
570,11,352,218
571,11,352,219
572,11,572,0
573,11,572,1
574,11,572,2
575,11,572,3
576,11,572,4
577,11,572,5
578,11,572,6
579,11,572,7
580,11,572,8
581,11,572,9
582,11,572,10
583,11,572,11
584,11,572,12
585,11,572,13
586,11,572,14
587,11,572,15
588,11,572,16
589,11,572,17
590,11,572,18
591,11,572,19
592,11,572,20
593,11,572,21
594,11,572,22
595,11,572,23
596,11,572,24
597,11,572,25
598,11,572,26
599,11,572,27
600,11,572,28
601,11,572,29
602,11,572,30
603,11,572,31
604,11,572,32
605,11,572,33
606,11,572,34
607,11,572,35
608,11,572,36
609,11,572,37
610,11,572,38
611,11,572,39
612,11,572,40
613,11,572,41
614,11,572,42
615,11,572,43
616,11,572,44
617,11,572,45
618,11,572,46
619,11,572,47
620,11,572,48
621,11,572,49
622,11,572,50
623,11,572,51
624,11,572,52
625,11,572,53
626,11,572,54
627,11,572,55
628,11,572,56
629,11,572,57
630,11,572,58
631,11,572,59
632,11,572,60
633,11,572,61
634,11,572,62
635,11,572,63
636,11,572,64
637,11,572,65
638,11,572,66
639,11,572,67
640,11,572,68
641,11,572,69
642,11,572,70
643,11,572,71
644,11,572,72
645,11,572,73
646,11,572,74
647,11,572,75
648,11,572,76
649,11,572,77
650,11,572,78
651,11,572,79
652,11,572,80
653,11,572,81
654,11,572,82
655,11,572,83
656,11,572,84
657,11,572,85
658,11,572,86
659,11,572,87
660,11,572,88
661,11,572,89
662,11,572,90
663,11,572,91
664,11,572,92
665,11,572,93
666,11,572,94
667,11,572,95
668,11,572,96
669,11,572,97
670,11,572,98
671,11,572,99
672,11,572,100
673,11,572,101
674,11,572,102
675,11,572,103
676,11,572,104
677,11,572,105
678,11,572,106
679,11,572,107
680,11,572,108
681,11,572,109
682,11,572,110
683,11,572,111
684,11,572,112
685,11,572,113
686,11,572,114
687,11,572,115
688,11,572,116
689,11,572,117
690,11,572,118
691,11,572,119
692,11,572,120
693,11,572,121
694,11,572,122
695,11,572,123
696,11,572,124
697,11,572,125
698,11,572,126
699,11,572,127
700,11,572,128
701,11,572,129
702,11,572,130
703,11,572,131
704,11,572,132
705,11,572,133
706,11,572,134
707,11,572,135
708,11,572,136
709,11,572,137
710,11,572,138
711,11,572,139
712,11,572,140
713,11,572,141
714,11,572,142
715,11,572,143
716,11,572,144
717,11,572,145
718,11,572,146
719,11,572,147
720,11,572,148
721,11,572,149
722,11,572,150
723,11,572,151
724,11,572,152
725,11,572,153
726,11,572,154
727,11,572,155
728,11,572,156
729,11,572,157
730,11,572,158
731,11,572,159
732,11,572,160
733,11,572,161
734,11,572,162
735,11,572,163
736,11,572,164
737,11,572,165
738,11,572,166
739,11,572,167
740,11,572,168
741,11,572,169
742,11,572,170
743,11,572,171
744,11,572,172
745,11,572,173
746,11,572,174
747,11,572,175
748,11,572,176
749,11,572,177
750,11,572,178
751,11,572,179
752,11,572,180
753,11,572,181
754,11,572,182
755,11,572,183
756,11,572,184
757,11,572,185
758,11,572,186
759,11,572,187
760,11,572,188
761,11,572,189
762,11,572,190
763,11,572,191
764,11,572,192
765,11,572,193
766,11,572,194
767,11,572,195
768,11,572,196
769,11,572,197
770,11,572,198
771,11,572,199
772,11,572,200
773,11,572,201
774,11,572,202
775,11,572,203
776,11,572,204
777,11,572,205
778,11,572,206
779,11,572,207
780,11,572,208
781,11,572,209
782,11,572,210
783,11,572,211
784,11,572,212
785,11,572,213
786,11,572,214
787,11,572,215
788,11,572,216
789,11,572,217
790,11,572,218
791,11,572,219
792,11,572,220
793,11,572,221
794,11,572,222
795,11,572,223
796,11,572,224
797,11,572,225
798,11,572,226
799,11,572,227
800,11,572,228
801,11,572,229
802,11,572,230
803,11,572,231
804,11,572,232
805,11,572,233
806,11,572,234
807,11,572,235
808,11,572,236
809,11,572,237
810,11,572,238
811,11,572,239
812,11,572,240
813,11,572,241
814,11,572,242
815,11,572,243
816,11,572,244
817,11,572,245
818,11,572,246
819,11,572,247
820,11,572,248
821,11,572,249
822,11,572,250
823,11,572,251
824,11,572,252
825,11,572,253
826,11,572,254
827,11,572,255
828,11,572,256
829,11,572,257
830,11,572,258
831,11,572,259
832,11,572,260
833,11,572,261
834,11,572,262
835,11,572,263
836,11,572,264
837,11,572,265
838,11,572,266
839,11,572,267
840,11,572,268
841,11,572,269
842,11,572,270
843,11,572,271
844,11,572,272
845,11,572,273
846,11,572,274
847,11,572,275
848,11,572,276
849,11,572,277
850,11,572,278
851,11,572,279
852,11,572,280
853,11,572,281
854,11,572,282
855,11,572,283
856,11,572,284
857,11,572,285
858,11,572,286
859,11,572,287
860,11,572,288
861,11,572,289
862,11,572,290
863,11,572,291
864,11,572,292
865,11,572,293
866,11,572,294
867,11,572,295
868,11,572,296
869,11,572,297
870,11,572,298
871,11,572,299
872,11,572,300
873,11,572,301
874,11,572,302
875,11,572,303
876,11,572,304
877,11,572,305
878,11,572,306
879,11,572,307
880,11,572,308
881,11,572,309
882,11,572,310
883,11,572,311
884,11,572,312
885,11,572,313
886,11,572,314
887,11,572,315
888,11,572,316
889,11,572,317
890,11,572,318
891,11,572,319
892,11,572,320
893,11,572,321
894,11,572,322
895,11,572,323
896,11,572,324
897,11,572,325
898,11,572,326
899,11,572,327
900,11,572,328
901,11,572,329
902,11,572,330
903,11,572,331
904,11,572,332
905,11,572,333
906,11,572,334
907,11,572,335
908,11,572,336
909,11,572,337
910,11,572,338
911,11,572,339
912,11,572,340
913,11,572,341
914,11,572,342
915,11,572,343
916,11,572,344
917,11,572,345
918,11,572,346
919,11,572,347
920,11,572,348
921,11,572,349
922,11,572,350
923,11,572,351
924,11,572,352
925,11,572,353
926,11,572,354
927,11,572,355
928,11,572,356
929,11,572,357
930,11,572,358
931,11,572,359
932,11,572,360
933,11,572,361
934,11,572,362
935,11,572,363
936,11,572,364
937,11,572,365
938,11,572,366
939,11,572,367
940,11,572,368
941,11,572,369
942,11,572,370
943,11,572,371
944,11,572,372
945,11,572,373
946,11,572,374
947,11,572,375
948,11,572,376
949,11,572,377
950,11,572,378
951,11,572,379
952,11,572,380
953,11,572,381
954,11,572,382
955,11,572,383
956,11,572,384
957,11,572,385
958,11,572,386
959,11,572,387
960,11,572,388
961,11,572,389
962,11,572,390
963,11,572,391
964,11,572,392
965,11,572,393
966,11,572,394
967,11,572,395
968,11,572,396
969,11,572,397
970,11,572,398
971,11,572,399
972,11,572,400
973,11,572,401
974,11,572,402
975,11,572,403
976,11,572,404
977,11,572,405
978,11,572,406
979,11,572,407
980,11,572,408
981,11,572,409
982,11,572,410
983,11,572,411
984,11,572,412
985,11,572,413
986,11,572,414
987,11,572,415
988,11,572,416
989,11,572,417
990,11,572,418
991,11,572,419
992,11,572,420
993,11,572,421
994,11,572,422
995,11,572,423
996,11,572,424
997,11,572,425
998,11,572,426
999,11,572,427
1000,11,572,428
12,12,12,0
13,12,12,1
14,12,12,2
15,12,12,3
16,12,12,4
17,12,12,5
18,12,12,6
19,12,12,7
20,12,12,8
21,12,12,9
22,12,12,10
23,12,12,11
24,12,24,0
25,12,24,1
26,12,24,2
27,12,24,3
28,12,24,4
29,12,24,5
30,12,24,6
31,12,24,7
32,12,24,8
33,12,24,9
34,12,24,10
35,12,24,11
36,12,24,12
37,12,24,13
38,12,24,14
39,12,24,15
40,12,24,16
41,12,24,17
42,12,24,18
43,12,24,19
44,12,24,20
45,12,24,21
46,12,24,22
47,12,24,23
48,12,24,24
49,12,24,25
50,12,24,26
51,12,24,27
52,12,24,28
53,12,24,29
54,12,24,30
55,12,24,31
56,12,24,32
57,12,24,33
58,12,24,34
59,12,24,35
60,12,24,36
61,12,24,37
62,12,24,38
63,12,24,39
64,12,24,40
65,12,24,41
66,12,24,42
67,12,24,43
68,12,24,44
69,12,24,45
70,12,24,46
71,12,24,47
72,12,24,48
73,12,24,49
74,12,24,50
75,12,24,51
76,12,24,52
77,12,24,53
78,12,78,0
79,12,78,1
80,12,78,2
81,12,78,3
82,12,78,4
83,12,78,5
84,12,78,6
85,12,78,7
86,12,78,8
87,12,78,9
88,12,78,10
89,12,78,11
90,12,90,0
91,12,90,1
92,12,90,2
93,12,90,3
94,12,90,4
95,12,90,5
96,12,90,6
97,12,90,7
98,12,90,8
99,12,90,9
100,12,90,10
101,12,90,11
102,12,90,12
103,12,90,13
104,12,90,14
105,12,90,15
106,12,90,16
107,12,90,17
108,12,90,18
109,12,90,19
110,12,90,20
111,12,90,21
112,12,90,22
113,12,90,23
114,12,90,24
115,12,90,25
116,12,90,26
117,12,90,27
118,12,90,28
119,12,90,29
120,12,90,30
121,12,90,31
122,12,90,32
123,12,90,33
124,12,90,34
125,12,90,35
126,12,90,36
127,12,90,37
128,12,90,38
129,12,90,39
130,12,90,40
131,12,90,41
132,12,90,42
133,12,90,43
134,12,90,44
135,12,90,45
136,12,90,46
137,12,90,47
138,12,90,48
139,12,90,49
140,12,90,50
141,12,90,51
142,12,90,52
143,12,90,53
144,12,90,54
145,12,90,55
146,12,90,56
147,12,90,57
148,12,90,58
149,12,90,59
150,12,90,60
151,12,90,61
152,12,90,62
153,12,90,63
154,12,90,64
155,12,90,65
156,12,156,0
157,12,156,1
158,12,156,2
159,12,156,3
160,12,156,4
161,12,156,5
162,12,156,6
163,12,156,7
164,12,156,8
165,12,156,9
166,12,156,10
167,12,156,11
168,12,156,12
169,12,156,13
170,12,156,14
171,12,156,15
172,12,156,16
173,12,156,17
174,12,156,18
175,12,156,19
176,12,156,20
177,12,156,21
178,12,156,22
179,12,156,23
180,12,156,24
181,12,156,25
182,12,156,26
183,12,156,27
184,12,156,28
185,12,156,29
186,12,156,30
187,12,156,31
188,12,156,32
189,12,156,33
190,12,156,34
191,12,156,35
192,12,156,36
193,12,156,37
194,12,156,38
195,12,156,39
196,12,156,40
197,12,156,41
198,12,156,42
199,12,156,43
200,12,156,44
201,12,156,45
202,12,156,46
203,12,156,47
204,12,156,48
205,12,156,49
206,12,156,50
207,12,156,51
208,12,156,52
209,12,156,53
210,12,156,54
211,12,156,55
212,12,156,56
213,12,156,57
214,12,156,58
215,12,156,59
216,12,156,60
217,12,156,61
218,12,156,62
219,12,156,63
220,12,156,64
221,12,156,65
222,12,156,66
223,12,156,67
224,12,156,68
225,12,156,69
226,12,156,70
227,12,156,71
228,12,156,72
229,12,156,73
230,12,156,74
231,12,156,75
232,12,156,76
233,12,156,77
234,12,156,78
235,12,156,79
236,12,156,80
237,12,156,81
238,12,156,82
239,12,156,83
240,12,156,84
241,12,156,85
242,12,156,86
243,12,156,87
244,12,156,88
245,12,156,89
246,12,156,90
247,12,156,91
248,12,156,92
249,12,156,93
250,12,156,94
251,12,156,95
252,12,156,96
253,12,156,97
254,12,156,98
255,12,156,99
256,12,156,100
257,12,156,101
258,12,156,102
259,12,156,103
260,12,156,104
261,12,156,105
262,12,156,106
263,12,156,107
264,12,156,108
265,12,156,109
266,12,156,110
267,12,156,111
268,12,156,112
269,12,156,113
270,12,156,114
271,12,156,115
272,12,156,116
273,12,156,117
274,12,156,118
275,12,156,119
276,12,156,120
277,12,156,121
278,12,156,122
279,12,156,123
280,12,156,124
281,12,156,125
282,12,156,126
283,12,156,127
284,12,156,128
285,12,156,129
286,12,156,130
287,12,156,131
288,12,156,132
289,12,156,133
290,12,156,134
291,12,156,135
292,12,156,136
293,12,156,137
294,12,156,138
295,12,156,139
296,12,156,140
297,12,156,141
298,12,156,142
299,12,156,143
300,12,156,144
301,12,156,145
302,12,156,146
303,12,156,147
304,12,156,148
305,12,156,149
306,12,156,150
307,12,156,151
308,12,156,152
309,12,156,153
310,12,156,154
311,12,156,155
312,12,156,156
313,12,156,157
314,12,156,158
315,12,156,159
316,12,156,160
317,12,156,161
318,12,156,162
319,12,156,163
320,12,156,164
321,12,156,165
322,12,156,166
323,12,156,167
324,12,156,168
325,12,156,169
326,12,156,170
327,12,156,171
328,12,156,172
329,12,156,173
330,12,156,174
331,12,156,175
332,12,156,176
333,12,156,177
334,12,156,178
335,12,156,179
336,12,156,180
337,12,156,181
338,12,156,182
339,12,156,183
340,12,156,184
341,12,156,185
342,12,156,186
343,12,156,187
344,12,156,188
345,12,156,189
346,12,156,190
347,12,156,191
348,12,156,192
349,12,156,193
350,12,156,194
351,12,156,195
352,12,156,196
353,12,156,197
354,12,156,198
355,12,156,199
356,12,156,200
357,12,156,201
358,12,156,202
359,12,156,203
360,12,156,204
361,12,156,205
362,12,156,206
363,12,156,207
364,12,364,0
365,12,364,1
366,12,364,2
367,12,364,3
368,12,364,4
369,12,364,5
370,12,364,6
371,12,364,7
372,12,364,8
373,12,364,9
374,12,364,10
375,12,364,11
376,12,376,0
377,12,376,1
378,12,376,2
379,12,376,3
380,12,376,4
381,12,376,5
382,12,376,6
383,12,376,7
384,12,376,8
385,12,376,9
386,12,376,10
387,12,376,11
388,12,376,12
389,12,376,13
390,12,376,14
391,12,376,15
392,12,376,16
393,12,376,17
394,12,376,18
395,12,376,19
396,12,376,20
397,12,376,21
398,12,376,22
399,12,376,23
400,12,376,24
401,12,376,25
402,12,376,26
403,12,376,27
404,12,376,28
405,12,376,29
406,12,376,30
407,12,376,31
408,12,376,32
409,12,376,33
410,12,376,34
411,12,376,35
412,12,376,36
413,12,376,37
414,12,376,38
415,12,376,39
416,12,376,40
417,12,376,41
418,12,376,42
419,12,376,43
420,12,376,44
421,12,376,45
422,12,376,46
423,12,376,47
424,12,376,48
425,12,376,49
426,12,376,50
427,12,376,51
428,12,376,52
429,12,376,53
430,12,376,54
431,12,376,55
432,12,376,56
433,12,376,57
434,12,376,58
435,12,376,59
436,12,376,60
437,12,376,61
438,12,376,62
439,12,376,63
440,12,376,64
441,12,376,65
442,12,442,0
443,12,442,1
444,12,442,2
445,12,442,3
446,12,442,4
447,12,442,5
448,12,442,6
449,12,442,7
450,12,442,8
451,12,442,9
452,12,442,10
453,12,442,11
454,12,442,12
455,12,442,13
456,12,442,14
457,12,442,15
458,12,442,16
459,12,442,17
460,12,442,18
461,12,442,19
462,12,442,20
463,12,442,21
464,12,442,22
465,12,442,23
466,12,442,24
467,12,442,25
468,12,442,26
469,12,442,27
470,12,442,28
471,12,442,29
472,12,442,30
473,12,442,31
474,12,442,32
475,12,442,33
476,12,442,34
477,12,442,35
478,12,442,36
479,12,442,37
480,12,442,38
481,12,442,39
482,12,442,40
483,12,442,41
484,12,442,42
485,12,442,43
486,12,442,44
487,12,442,45
488,12,442,46
489,12,442,47
490,12,442,48
491,12,442,49
492,12,442,50
493,12,442,51
494,12,442,52
495,12,442,53
496,12,442,54
497,12,442,55
498,12,442,56
499,12,442,57
500,12,442,58
501,12,442,59
502,12,442,60
503,12,442,61
504,12,442,62
505,12,442,63
506,12,442,64
507,12,442,65
508,12,442,66
509,12,442,67
510,12,442,68
511,12,442,69
512,12,442,70
513,12,442,71
514,12,442,72
515,12,442,73
516,12,442,74
517,12,442,75
518,12,442,76
519,12,442,77
520,12,442,78
521,12,442,79
522,12,442,80
523,12,442,81
524,12,442,82
525,12,442,83
526,12,442,84
527,12,442,85
528,12,442,86
529,12,442,87
530,12,442,88
531,12,442,89
532,12,442,90
533,12,442,91
534,12,442,92
535,12,442,93
536,12,442,94
537,12,442,95
538,12,442,96
539,12,442,97
540,12,442,98
541,12,442,99
542,12,442,100
543,12,442,101
544,12,442,102
545,12,442,103
546,12,442,104
547,12,442,105
548,12,442,106
549,12,442,107
550,12,442,108
551,12,442,109
552,12,442,110
553,12,442,111
554,12,442,112
555,12,442,113
556,12,442,114
557,12,442,115
558,12,442,116
559,12,442,117
560,12,442,118
561,12,442,119
562,12,442,120
563,12,442,121
564,12,442,122
565,12,442,123
566,12,442,124
567,12,442,125
568,12,442,126
569,12,442,127
570,12,442,128
571,12,442,129
572,12,442,130
573,12,442,131
574,12,442,132
575,12,442,133
576,12,442,134
577,12,442,135
578,12,442,136
579,12,442,137
580,12,442,138
581,12,442,139
582,12,442,140
583,12,442,141
584,12,442,142
585,12,442,143
586,12,442,144
587,12,442,145
588,12,442,146
589,12,442,147
590,12,442,148
591,12,442,149
592,12,442,150
593,12,442,151
594,12,442,152
595,12,442,153
596,12,442,154
597,12,442,155
598,12,442,156
599,12,442,157
600,12,442,158
601,12,442,159
602,12,442,160
603,12,442,161
604,12,442,162
605,12,442,163
606,12,442,164
607,12,442,165
608,12,442,166
609,12,442,167
610,12,442,168
611,12,442,169
612,12,442,170
613,12,442,171
614,12,442,172
615,12,442,173
616,12,442,174
617,12,442,175
618,12,442,176
619,12,442,177
620,12,442,178
621,12,442,179
622,12,442,180
623,12,442,181
624,12,442,182
625,12,442,183
626,12,442,184
627,12,442,185
628,12,442,186
629,12,442,187
630,12,442,188
631,12,442,189
632,12,442,190
633,12,442,191
634,12,442,192
635,12,442,193
636,12,442,194
637,12,442,195
638,12,442,196
639,12,442,197
640,12,442,198
641,12,442,199
642,12,442,200
643,12,442,201
644,12,442,202
645,12,442,203
646,12,442,204
647,12,442,205
648,12,442,206
649,12,442,207
650,12,442,208
651,12,442,209
652,12,442,210
653,12,442,211
654,12,442,212
655,12,442,213
656,12,442,214
657,12,442,215
658,12,442,216
659,12,442,217
660,12,442,218
661,12,442,219
662,12,442,220
663,12,442,221
664,12,442,222
665,12,442,223
666,12,442,224
667,12,442,225
668,12,442,226
669,12,442,227
670,12,442,228
671,12,442,229
672,12,442,230
673,12,442,231
674,12,442,232
675,12,442,233
676,12,442,234
677,12,442,235
678,12,442,236
679,12,442,237
680,12,442,238
681,12,442,239
682,12,442,240
683,12,442,241
684,12,442,242
685,12,442,243
686,12,442,244
687,12,442,245
688,12,442,246
689,12,442,247
690,12,442,248
691,12,442,249
692,12,442,250
693,12,442,251
694,12,442,252
695,12,442,253
696,12,442,254
697,12,442,255
698,12,442,256
699,12,442,257
700,12,442,258
701,12,442,259
702,12,442,260
703,12,442,261
704,12,442,262
705,12,442,263
706,12,442,264
707,12,442,265
708,12,442,266
709,12,442,267
710,12,442,268
711,12,442,269
712,12,442,270
713,12,442,271
714,12,442,272
715,12,442,273
716,12,442,274
717,12,442,275
718,12,442,276
719,12,442,277
720,12,442,278
721,12,442,279
722,12,442,280
723,12,442,281
724,12,442,282
725,12,442,283
726,12,442,284
727,12,442,285
728,12,728,0
729,12,728,1
730,12,728,2
731,12,728,3
732,12,728,4
733,12,728,5
734,12,728,6
735,12,728,7
736,12,728,8
737,12,728,9
738,12,728,10
739,12,728,11
740,12,728,12
741,12,728,13
742,12,728,14
743,12,728,15
744,12,728,16
745,12,728,17
746,12,728,18
747,12,728,19
748,12,728,20
749,12,728,21
750,12,728,22
751,12,728,23
752,12,728,24
753,12,728,25
754,12,728,26
755,12,728,27
756,12,728,28
757,12,728,29
758,12,728,30
759,12,728,31
760,12,728,32
761,12,728,33
762,12,728,34
763,12,728,35
764,12,728,36
765,12,728,37
766,12,728,38
767,12,728,39
768,12,728,40
769,12,728,41
770,12,728,42
771,12,728,43
772,12,728,44
773,12,728,45
774,12,728,46
775,12,728,47
776,12,728,48
777,12,728,49
778,12,728,50
779,12,728,51
780,12,728,52
781,12,728,53
782,12,728,54
783,12,728,55
784,12,728,56
785,12,728,57
786,12,728,58
787,12,728,59
788,12,728,60
789,12,728,61
790,12,728,62
791,12,728,63
792,12,728,64
793,12,728,65
794,12,728,66
795,12,728,67
796,12,728,68
797,12,728,69
798,12,728,70
799,12,728,71
800,12,728,72
801,12,728,73
802,12,728,74
803,12,728,75
804,12,728,76
805,12,728,77
806,12,728,78
807,12,728,79
808,12,728,80
809,12,728,81
810,12,728,82
811,12,728,83
812,12,728,84
813,12,728,85
814,12,728,86
815,12,728,87
816,12,728,88
817,12,728,89
818,12,728,90
819,12,728,91
820,12,728,92
821,12,728,93
822,12,728,94
823,12,728,95
824,12,728,96
825,12,728,97
826,12,728,98
827,12,728,99
828,12,728,100
829,12,728,101
830,12,728,102
831,12,728,103
832,12,728,104
833,12,728,105
834,12,728,106
835,12,728,107
836,12,728,108
837,12,728,109
838,12,728,110
839,12,728,111
840,12,728,112
841,12,728,113
842,12,728,114
843,12,728,115
844,12,728,116
845,12,728,117
846,12,728,118
847,12,728,119
848,12,728,120
849,12,728,121
850,12,728,122
851,12,728,123
852,12,728,124
853,12,728,125
854,12,728,126
855,12,728,127
856,12,728,128
857,12,728,129
858,12,728,130
859,12,728,131
860,12,728,132
861,12,728,133
862,12,728,134
863,12,728,135
864,12,728,136
865,12,728,137
866,12,728,138
867,12,728,139
868,12,728,140
869,12,728,141
870,12,728,142
871,12,728,143
872,12,728,144
873,12,728,145
874,12,728,146
875,12,728,147
876,12,728,148
877,12,728,149
878,12,728,150
879,12,728,151
880,12,728,152
881,12,728,153
882,12,728,154
883,12,728,155
884,12,728,156
885,12,728,157
886,12,728,158
887,12,728,159
888,12,728,160
889,12,728,161
890,12,728,162
891,12,728,163
892,12,728,164
893,12,728,165
894,12,728,166
895,12,728,167
896,12,728,168
897,12,728,169
898,12,728,170
899,12,728,171
900,12,728,172
901,12,728,173
902,12,728,174
903,12,728,175
904,12,728,176
905,12,728,177
906,12,728,178
907,12,728,179
908,12,728,180
909,12,728,181
910,12,728,182
911,12,728,183
912,12,728,184
913,12,728,185
914,12,728,186
915,12,728,187
916,12,728,188
917,12,728,189
918,12,728,190
919,12,728,191
920,12,728,192
921,12,728,193
922,12,728,194
923,12,728,195
924,12,728,196
925,12,728,197
926,12,728,198
927,12,728,199
928,12,728,200
929,12,728,201
930,12,728,202
931,12,728,203
932,12,728,204
933,12,728,205
934,12,728,206
935,12,728,207
936,12,728,208
937,12,728,209
938,12,728,210
939,12,728,211
940,12,728,212
941,12,728,213
942,12,728,214
943,12,728,215
944,12,728,216
945,12,728,217
946,12,728,218
947,12,728,219
948,12,728,220
949,12,728,221
950,12,728,222
951,12,728,223
952,12,728,224
953,12,728,225
954,12,728,226
955,12,728,227
956,12,728,228
957,12,728,229
958,12,728,230
959,12,728,231
960,12,728,232
961,12,728,233
962,12,728,234
963,12,728,235
964,12,728,236
965,12,728,237
966,12,728,238
967,12,728,239
968,12,728,240
969,12,728,241
970,12,728,242
971,12,728,243
972,12,728,244
973,12,728,245
974,12,728,246
975,12,728,247
976,12,728,248
977,12,728,249
978,12,728,250
979,12,728,251
980,12,728,252
981,12,728,253
982,12,728,254
983,12,728,255
984,12,728,256
985,12,728,257
986,12,728,258
987,12,728,259
988,12,728,260
989,12,728,261
990,12,728,262
991,12,728,263
992,12,728,264
993,12,728,265
994,12,728,266
995,12,728,267
996,12,728,268
997,12,728,269
998,12,728,270
999,12,728,271
1000,12,728,272
13,13,13,0
14,13,13,1
15,13,13,2
16,13,13,3
17,13,13,4
18,13,13,5
19,13,13,6
20,13,13,7
21,13,13,8
22,13,13,9
23,13,13,10
24,13,13,11
25,13,13,12
26,13,26,0
27,13,26,1
28,13,26,2
29,13,26,3
30,13,26,4
31,13,26,5
32,13,26,6
33,13,26,7
34,13,26,8
35,13,26,9
36,13,26,10
37,13,26,11
38,13,26,12
39,13,26,13
40,13,26,14
41,13,26,15
42,13,26,16
43,13,26,17
44,13,26,18
45,13,26,19
46,13,26,20
47,13,26,21
48,13,26,22
49,13,26,23
50,13,26,24
51,13,26,25
52,13,26,26
53,13,26,27
54,13,26,28
55,13,26,29
56,13,26,30
57,13,26,31
58,13,26,32
59,13,26,33
60,13,26,34
61,13,26,35
62,13,26,36
63,13,26,37
64,13,26,38
65,13,26,39
66,13,26,40
67,13,26,41
68,13,26,42
69,13,26,43
70,13,26,44
71,13,26,45
72,13,26,46
73,13,26,47
74,13,26,48
75,13,26,49
76,13,26,50
77,13,26,51
78,13,26,52
79,13,26,53
80,13,26,54
81,13,26,55
82,13,26,56
83,13,26,57
84,13,26,58
85,13,26,59
86,13,26,60
87,13,26,61
88,13,26,62
89,13,26,63
90,13,26,64
91,13,91,0
92,13,91,1
93,13,91,2
94,13,91,3
95,13,91,4
96,13,91,5
97,13,91,6
98,13,91,7
99,13,91,8
100,13,91,9
101,13,91,10
102,13,91,11
103,13,91,12
104,13,104,0
105,13,104,1
106,13,104,2
107,13,104,3
108,13,104,4
109,13,104,5
110,13,104,6
111,13,104,7
112,13,104,8
113,13,104,9
114,13,104,10
115,13,104,11
116,13,104,12
117,13,104,13
118,13,104,14
119,13,104,15
120,13,104,16
121,13,104,17
122,13,104,18
123,13,104,19
124,13,104,20
125,13,104,21
126,13,104,22
127,13,104,23
128,13,104,24
129,13,104,25
130,13,104,26
131,13,104,27
132,13,104,28
133,13,104,29
134,13,104,30
135,13,104,31
136,13,104,32
137,13,104,33
138,13,104,34
139,13,104,35
140,13,104,36
141,13,104,37
142,13,104,38
143,13,104,39
144,13,104,40
145,13,104,41
146,13,104,42
147,13,104,43
148,13,104,44
149,13,104,45
150,13,104,46
151,13,104,47
152,13,104,48
153,13,104,49
154,13,104,50
155,13,104,51
156,13,104,52
157,13,104,53
158,13,104,54
159,13,104,55
160,13,104,56
161,13,104,57
162,13,104,58
163,13,104,59
164,13,104,60
165,13,104,61
166,13,104,62
167,13,104,63
168,13,104,64
169,13,104,65
170,13,104,66
171,13,104,67
172,13,104,68
173,13,104,69
174,13,104,70
175,13,104,71
176,13,104,72
177,13,104,73
178,13,104,74
179,13,104,75
180,13,104,76
181,13,104,77
182,13,182,0
183,13,182,1
184,13,182,2
185,13,182,3
186,13,182,4
187,13,182,5
188,13,182,6
189,13,182,7
190,13,182,8
191,13,182,9
192,13,182,10
193,13,182,11
194,13,182,12
195,13,182,13
196,13,182,14
197,13,182,15
198,13,182,16
199,13,182,17
200,13,182,18
201,13,182,19
202,13,182,20
203,13,182,21
204,13,182,22
205,13,182,23
206,13,182,24
207,13,182,25
208,13,182,26
209,13,182,27
210,13,182,28
211,13,182,29
212,13,182,30
213,13,182,31
214,13,182,32
215,13,182,33
216,13,182,34
217,13,182,35
218,13,182,36
219,13,182,37
220,13,182,38
221,13,182,39
222,13,182,40
223,13,182,41
224,13,182,42
225,13,182,43
226,13,182,44
227,13,182,45
228,13,182,46
229,13,182,47
230,13,182,48
231,13,182,49
232,13,182,50
233,13,182,51
234,13,182,52
235,13,182,53
236,13,182,54
237,13,182,55
238,13,182,56
239,13,182,57
240,13,182,58
241,13,182,59
242,13,182,60
243,13,182,61
244,13,182,62
245,13,182,63
246,13,182,64
247,13,182,65
248,13,182,66
249,13,182,67
250,13,182,68
251,13,182,69
252,13,182,70
253,13,182,71
254,13,182,72
255,13,182,73
256,13,182,74
257,13,182,75
258,13,182,76
259,13,182,77
260,13,182,78
261,13,182,79
262,13,182,80
263,13,182,81
264,13,182,82
265,13,182,83
266,13,182,84
267,13,182,85
268,13,182,86
269,13,182,87
270,13,182,88
271,13,182,89
272,13,182,90
273,13,182,91
274,13,182,92
275,13,182,93
276,13,182,94
277,13,182,95
278,13,182,96
279,13,182,97
280,13,182,98
281,13,182,99
282,13,182,100
283,13,182,101
284,13,182,102
285,13,182,103
286,13,182,104
287,13,182,105
288,13,182,106
289,13,182,107
290,13,182,108
291,13,182,109
292,13,182,110
293,13,182,111
294,13,182,112
295,13,182,113
296,13,182,114
297,13,182,115
298,13,182,116
299,13,182,117
300,13,182,118
301,13,182,119
302,13,182,120
303,13,182,121
304,13,182,122
305,13,182,123
306,13,182,124
307,13,182,125
308,13,182,126
309,13,182,127
310,13,182,128
311,13,182,129
312,13,182,130
313,13,182,131
314,13,182,132
315,13,182,133
316,13,182,134
317,13,182,135
318,13,182,136
319,13,182,137
320,13,182,138
321,13,182,139
322,13,182,140
323,13,182,141
324,13,182,142
325,13,182,143
326,13,182,144
327,13,182,145
328,13,182,146
329,13,182,147
330,13,182,148
331,13,182,149
332,13,182,150
333,13,182,151
334,13,182,152
335,13,182,153
336,13,182,154
337,13,182,155
338,13,182,156
339,13,182,157
340,13,182,158
341,13,182,159
342,13,182,160
343,13,182,161
344,13,182,162
345,13,182,163
346,13,182,164
347,13,182,165
348,13,182,166
349,13,182,167
350,13,182,168
351,13,182,169
352,13,182,170
353,13,182,171
354,13,182,172
355,13,182,173
356,13,182,174
357,13,182,175
358,13,182,176
359,13,182,177
360,13,182,178
361,13,182,179
362,13,182,180
363,13,182,181
364,13,182,182
365,13,182,183
366,13,182,184
367,13,182,185
368,13,182,186
369,13,182,187
370,13,182,188
371,13,182,189
372,13,182,190
373,13,182,191
374,13,182,192
375,13,182,193
376,13,182,194
377,13,182,195
378,13,182,196
379,13,182,197
380,13,182,198
381,13,182,199
382,13,182,200
383,13,182,201
384,13,182,202
385,13,182,203
386,13,182,204
387,13,182,205
388,13,182,206
389,13,182,207
390,13,182,208
391,13,182,209
392,13,182,210
393,13,182,211
394,13,182,212
395,13,182,213
396,13,182,214
397,13,182,215
398,13,182,216
399,13,182,217
400,13,182,218
401,13,182,219
402,13,182,220
403,13,182,221
404,13,182,222
405,13,182,223
406,13,182,224
407,13,182,225
408,13,182,226
409,13,182,227
410,13,182,228
411,13,182,229
412,13,182,230
413,13,182,231
414,13,182,232
415,13,182,233
416,13,182,234
417,13,182,235
418,13,182,236
419,13,182,237
420,13,182,238
421,13,182,239
422,13,182,240
423,13,182,241
424,13,182,242
425,13,182,243
426,13,182,244
427,13,182,245
428,13,182,246
429,13,182,247
430,13,182,248
431,13,182,249
432,13,182,250
433,13,182,251
434,13,182,252
435,13,182,253
436,13,182,254
437,13,182,255
438,13,182,256
439,13,182,257
440,13,182,258
441,13,182,259
442,13,182,260
443,13,182,261
444,13,182,262
445,13,182,263
446,13,182,264
447,13,182,265
448,13,182,266
449,13,182,267
450,13,182,268
451,13,182,269
452,13,182,270
453,13,182,271
454,13,182,272
455,13,455,0
456,13,455,1
457,13,455,2
458,13,455,3
459,13,455,4
460,13,455,5
461,13,455,6
462,13,455,7
463,13,455,8
464,13,455,9
465,13,455,10
466,13,455,11
467,13,455,12
468,13,468,0
469,13,468,1
470,13,468,2
471,13,468,3
472,13,468,4
473,13,468,5
474,13,468,6
475,13,468,7
476,13,468,8
477,13,468,9
478,13,468,10
479,13,468,11
480,13,468,12
481,13,468,13
482,13,468,14
483,13,468,15
484,13,468,16
485,13,468,17
486,13,468,18
487,13,468,19
488,13,468,20
489,13,468,21
490,13,468,22
491,13,468,23
492,13,468,24
493,13,468,25
494,13,468,26
495,13,468,27
496,13,468,28
497,13,468,29
498,13,468,30
499,13,468,31
500,13,468,32
501,13,468,33
502,13,468,34
503,13,468,35
504,13,468,36
505,13,468,37
506,13,468,38
507,13,468,39
508,13,468,40
509,13,468,41
510,13,468,42
511,13,468,43
512,13,468,44
513,13,468,45
514,13,468,46
515,13,468,47
516,13,468,48
517,13,468,49
518,13,468,50
519,13,468,51
520,13,468,52
521,13,468,53
522,13,468,54
523,13,468,55
524,13,468,56
525,13,468,57
526,13,468,58
527,13,468,59
528,13,468,60
529,13,468,61
530,13,468,62
531,13,468,63
532,13,468,64
533,13,468,65
534,13,468,66
535,13,468,67
536,13,468,68
537,13,468,69
538,13,468,70
539,13,468,71
540,13,468,72
541,13,468,73
542,13,468,74
543,13,468,75
544,13,468,76
545,13,468,77
546,13,546,0
547,13,546,1
548,13,546,2
549,13,546,3
550,13,546,4
551,13,546,5
552,13,546,6
553,13,546,7
554,13,546,8
555,13,546,9
556,13,546,10
557,13,546,11
558,13,546,12
559,13,546,13
560,13,546,14
561,13,546,15
562,13,546,16
563,13,546,17
564,13,546,18
565,13,546,19
566,13,546,20
567,13,546,21
568,13,546,22
569,13,546,23
570,13,546,24
571,13,546,25
572,13,546,26
573,13,546,27
574,13,546,28
575,13,546,29
576,13,546,30
577,13,546,31
578,13,546,32
579,13,546,33
580,13,546,34
581,13,546,35
582,13,546,36
583,13,546,37
584,13,546,38
585,13,546,39
586,13,546,40
587,13,546,41
588,13,546,42
589,13,546,43
590,13,546,44
591,13,546,45
592,13,546,46
593,13,546,47
594,13,546,48
595,13,546,49
596,13,546,50
597,13,546,51
598,13,546,52
599,13,546,53
600,13,546,54
601,13,546,55
602,13,546,56
603,13,546,57
604,13,546,58
605,13,546,59
606,13,546,60
607,13,546,61
608,13,546,62
609,13,546,63
610,13,546,64
611,13,546,65
612,13,546,66
613,13,546,67
614,13,546,68
615,13,546,69
616,13,546,70
617,13,546,71
618,13,546,72
619,13,546,73
620,13,546,74
621,13,546,75
622,13,546,76
623,13,546,77
624,13,546,78
625,13,546,79
626,13,546,80
627,13,546,81
628,13,546,82
629,13,546,83
630,13,546,84
631,13,546,85
632,13,546,86
633,13,546,87
634,13,546,88
635,13,546,89
636,13,546,90
637,13,546,91
638,13,546,92
639,13,546,93
640,13,546,94
641,13,546,95
642,13,546,96
643,13,546,97
644,13,546,98
645,13,546,99
646,13,546,100
647,13,546,101
648,13,546,102
649,13,546,103
650,13,546,104
651,13,546,105
652,13,546,106
653,13,546,107
654,13,546,108
655,13,546,109
656,13,546,110
657,13,546,111
658,13,546,112
659,13,546,113
660,13,546,114
661,13,546,115
662,13,546,116
663,13,546,117
664,13,546,118
665,13,546,119
666,13,546,120
667,13,546,121
668,13,546,122
669,13,546,123
670,13,546,124
671,13,546,125
672,13,546,126
673,13,546,127
674,13,546,128
675,13,546,129
676,13,546,130
677,13,546,131
678,13,546,132
679,13,546,133
680,13,546,134
681,13,546,135
682,13,546,136
683,13,546,137
684,13,546,138
685,13,546,139
686,13,546,140
687,13,546,141
688,13,546,142
689,13,546,143
690,13,546,144
691,13,546,145
692,13,546,146
693,13,546,147
694,13,546,148
695,13,546,149
696,13,546,150
697,13,546,151
698,13,546,152
699,13,546,153
700,13,546,154
701,13,546,155
702,13,546,156
703,13,546,157
704,13,546,158
705,13,546,159
706,13,546,160
707,13,546,161
708,13,546,162
709,13,546,163
710,13,546,164
711,13,546,165
712,13,546,166
713,13,546,167
714,13,546,168
715,13,546,169
716,13,546,170
717,13,546,171
718,13,546,172
719,13,546,173
720,13,546,174
721,13,546,175
722,13,546,176
723,13,546,177
724,13,546,178
725,13,546,179
726,13,546,180
727,13,546,181
728,13,546,182
729,13,546,183
730,13,546,184
731,13,546,185
732,13,546,186
733,13,546,187
734,13,546,188
735,13,546,189
736,13,546,190
737,13,546,191
738,13,546,192
739,13,546,193
740,13,546,194
741,13,546,195
742,13,546,196
743,13,546,197
744,13,546,198
745,13,546,199
746,13,546,200
747,13,546,201
748,13,546,202
749,13,546,203
750,13,546,204
751,13,546,205
752,13,546,206
753,13,546,207
754,13,546,208
755,13,546,209
756,13,546,210
757,13,546,211
758,13,546,212
759,13,546,213
760,13,546,214
761,13,546,215
762,13,546,216
763,13,546,217
764,13,546,218
765,13,546,219
766,13,546,220
767,13,546,221
768,13,546,222
769,13,546,223
770,13,546,224
771,13,546,225
772,13,546,226
773,13,546,227
774,13,546,228
775,13,546,229
776,13,546,230
777,13,546,231
778,13,546,232
779,13,546,233
780,13,546,234
781,13,546,235
782,13,546,236
783,13,546,237
784,13,546,238
785,13,546,239
786,13,546,240
787,13,546,241
788,13,546,242
789,13,546,243
790,13,546,244
791,13,546,245
792,13,546,246
793,13,546,247
794,13,546,248
795,13,546,249
796,13,546,250
797,13,546,251
798,13,546,252
799,13,546,253
800,13,546,254
801,13,546,255
802,13,546,256
803,13,546,257
804,13,546,258
805,13,546,259
806,13,546,260
807,13,546,261
808,13,546,262
809,13,546,263
810,13,546,264
811,13,546,265
812,13,546,266
813,13,546,267
814,13,546,268
815,13,546,269
816,13,546,270
817,13,546,271
818,13,546,272
819,13,546,273
820,13,546,274
821,13,546,275
822,13,546,276
823,13,546,277
824,13,546,278
825,13,546,279
826,13,546,280
827,13,546,281
828,13,546,282
829,13,546,283
830,13,546,284
831,13,546,285
832,13,546,286
833,13,546,287
834,13,546,288
835,13,546,289
836,13,546,290
837,13,546,291
838,13,546,292
839,13,546,293
840,13,546,294
841,13,546,295
842,13,546,296
843,13,546,297
844,13,546,298
845,13,546,299
846,13,546,300
847,13,546,301
848,13,546,302
849,13,546,303
850,13,546,304
851,13,546,305
852,13,546,306
853,13,546,307
854,13,546,308
855,13,546,309
856,13,546,310
857,13,546,311
858,13,546,312
859,13,546,313
860,13,546,314
861,13,546,315
862,13,546,316
863,13,546,317
864,13,546,318
865,13,546,319
866,13,546,320
867,13,546,321
868,13,546,322
869,13,546,323
870,13,546,324
871,13,546,325
872,13,546,326
873,13,546,327
874,13,546,328
875,13,546,329
876,13,546,330
877,13,546,331
878,13,546,332
879,13,546,333
880,13,546,334
881,13,546,335
882,13,546,336
883,13,546,337
884,13,546,338
885,13,546,339
886,13,546,340
887,13,546,341
888,13,546,342
889,13,546,343
890,13,546,344
891,13,546,345
892,13,546,346
893,13,546,347
894,13,546,348
895,13,546,349
896,13,546,350
897,13,546,351
898,13,546,352
899,13,546,353
900,13,546,354
901,13,546,355
902,13,546,356
903,13,546,357
904,13,546,358
905,13,546,359
906,13,546,360
907,13,546,361
908,13,546,362
909,13,546,363
910,13,910,0
911,13,910,1
912,13,910,2
913,13,910,3
914,13,910,4
915,13,910,5
916,13,910,6
917,13,910,7
918,13,910,8
919,13,910,9
920,13,910,10
921,13,910,11
922,13,910,12
923,13,910,13
924,13,910,14
925,13,910,15
926,13,910,16
927,13,910,17
928,13,910,18
929,13,910,19
930,13,910,20
931,13,910,21
932,13,910,22
933,13,910,23
934,13,910,24
935,13,910,25
936,13,910,26
937,13,910,27
938,13,910,28
939,13,910,29
940,13,910,30
941,13,910,31
942,13,910,32
943,13,910,33
944,13,910,34
945,13,910,35
946,13,910,36
947,13,910,37
948,13,910,38
949,13,910,39
950,13,910,40
951,13,910,41
952,13,910,42
953,13,910,43
954,13,910,44
955,13,910,45
956,13,910,46
957,13,910,47
958,13,910,48
959,13,910,49
960,13,910,50
961,13,910,51
962,13,910,52
963,13,910,53
964,13,910,54
965,13,910,55
966,13,910,56
967,13,910,57
968,13,910,58
969,13,910,59
970,13,910,60
971,13,910,61
972,13,910,62
973,13,910,63
974,13,910,64
975,13,910,65
976,13,910,66
977,13,910,67
978,13,910,68
979,13,910,69
980,13,910,70
981,13,910,71
982,13,910,72
983,13,910,73
984,13,910,74
985,13,910,75
986,13,910,76
987,13,910,77
988,13,910,78
989,13,910,79
990,13,910,80
991,13,910,81
992,13,910,82
993,13,910,83
994,13,910,84
995,13,910,85
996,13,910,86
997,13,910,87
998,13,910,88
999,13,910,89
1000,13,910,90
14,14,14,0
15,14,14,1
16,14,14,2
17,14,14,3
18,14,14,4
19,14,14,5
20,14,14,6
21,14,14,7
22,14,14,8
23,14,14,9
24,14,14,10
25,14,14,11
26,14,14,12
27,14,14,13
28,14,28,0
29,14,28,1
30,14,28,2
31,14,28,3
32,14,28,4
33,14,28,5
34,14,28,6
35,14,28,7
36,14,28,8
37,14,28,9
38,14,28,10
39,14,28,11
40,14,28,12
41,14,28,13
42,14,28,14
43,14,28,15
44,14,28,16
45,14,28,17
46,14,28,18
47,14,28,19
48,14,28,20
49,14,28,21
50,14,28,22
51,14,28,23
52,14,28,24
53,14,28,25
54,14,28,26
55,14,28,27
56,14,28,28
57,14,28,29
58,14,28,30
59,14,28,31
60,14,28,32
61,14,28,33
62,14,28,34
63,14,28,35
64,14,28,36
65,14,28,37
66,14,28,38
67,14,28,39
68,14,28,40
69,14,28,41
70,14,28,42
71,14,28,43
72,14,28,44
73,14,28,45
74,14,28,46
75,14,28,47
76,14,28,48
77,14,28,49
78,14,28,50
79,14,28,51
80,14,28,52
81,14,28,53
82,14,28,54
83,14,28,55
84,14,28,56
85,14,28,57
86,14,28,58
87,14,28,59
88,14,28,60
89,14,28,61
90,14,28,62
91,14,28,63
92,14,28,64
93,14,28,65
94,14,28,66
95,14,28,67
96,14,28,68
97,14,28,69
98,14,28,70
99,14,28,71
100,14,28,72
101,14,28,73
102,14,28,74
103,14,28,75
104,14,28,76
105,14,105,0
106,14,105,1
107,14,105,2
108,14,105,3
109,14,105,4
110,14,105,5
111,14,105,6
112,14,105,7
113,14,105,8
114,14,105,9
115,14,105,10
116,14,105,11
117,14,105,12
118,14,105,13
119,14,119,0
120,14,119,1
121,14,119,2
122,14,119,3
123,14,119,4
124,14,119,5
125,14,119,6
126,14,119,7
127,14,119,8
128,14,119,9
129,14,119,10
130,14,119,11
131,14,119,12
132,14,119,13
133,14,119,14
134,14,119,15
135,14,119,16
136,14,119,17
137,14,119,18
138,14,119,19
139,14,119,20
140,14,119,21
141,14,119,22
142,14,119,23
143,14,119,24
144,14,119,25
145,14,119,26
146,14,119,27
147,14,119,28
148,14,119,29
149,14,119,30
150,14,119,31
151,14,119,32
152,14,119,33
153,14,119,34
154,14,119,35
155,14,119,36
156,14,119,37
157,14,119,38
158,14,119,39
159,14,119,40
160,14,119,41
161,14,119,42
162,14,119,43
163,14,119,44
164,14,119,45
165,14,119,46
166,14,119,47
167,14,119,48
168,14,119,49
169,14,119,50
170,14,119,51
171,14,119,52
172,14,119,53
173,14,119,54
174,14,119,55
175,14,119,56
176,14,119,57
177,14,119,58
178,14,119,59
179,14,119,60
180,14,119,61
181,14,119,62
182,14,119,63
183,14,119,64
184,14,119,65
185,14,119,66
186,14,119,67
187,14,119,68
188,14,119,69
189,14,119,70
190,14,119,71
191,14,119,72
192,14,119,73
193,14,119,74
194,14,119,75
195,14,119,76
196,14,119,77
197,14,119,78
198,14,119,79
199,14,119,80
200,14,119,81
201,14,119,82
202,14,119,83
203,14,119,84
204,14,119,85
205,14,119,86
206,14,119,87
207,14,119,88
208,14,119,89
209,14,119,90
210,14,210,0
211,14,210,1
212,14,210,2
213,14,210,3
214,14,210,4
215,14,210,5
216,14,210,6
217,14,210,7
218,14,210,8
219,14,210,9
220,14,210,10
221,14,210,11
222,14,210,12
223,14,210,13
224,14,210,14
225,14,210,15
226,14,210,16
227,14,210,17
228,14,210,18
229,14,210,19
230,14,210,20
231,14,210,21
232,14,210,22
233,14,210,23
234,14,210,24
235,14,210,25
236,14,210,26
237,14,210,27
238,14,210,28
239,14,210,29
240,14,210,30
241,14,210,31
242,14,210,32
243,14,210,33
244,14,210,34
245,14,210,35
246,14,210,36
247,14,210,37
248,14,210,38
249,14,210,39
250,14,210,40
251,14,210,41
252,14,210,42
253,14,210,43
254,14,210,44
255,14,210,45
256,14,210,46
257,14,210,47
258,14,210,48
259,14,210,49
260,14,210,50
261,14,210,51
262,14,210,52
263,14,210,53
264,14,210,54
265,14,210,55
266,14,210,56
267,14,210,57
268,14,210,58
269,14,210,59
270,14,210,60
271,14,210,61
272,14,210,62
273,14,210,63
274,14,210,64
275,14,210,65
276,14,210,66
277,14,210,67
278,14,210,68
279,14,210,69
280,14,210,70
281,14,210,71
282,14,210,72
283,14,210,73
284,14,210,74
285,14,210,75
286,14,210,76
287,14,210,77
288,14,210,78
289,14,210,79
290,14,210,80
291,14,210,81
292,14,210,82
293,14,210,83
294,14,210,84
295,14,210,85
296,14,210,86
297,14,210,87
298,14,210,88
299,14,210,89
300,14,210,90
301,14,210,91
302,14,210,92
303,14,210,93
304,14,210,94
305,14,210,95
306,14,210,96
307,14,210,97
308,14,210,98
309,14,210,99
310,14,210,100
311,14,210,101
312,14,210,102
313,14,210,103
314,14,210,104
315,14,210,105
316,14,210,106
317,14,210,107
318,14,210,108
319,14,210,109
320,14,210,110
321,14,210,111
322,14,210,112
323,14,210,113
324,14,210,114
325,14,210,115
326,14,210,116
327,14,210,117
328,14,210,118
329,14,210,119
330,14,210,120
331,14,210,121
332,14,210,122
333,14,210,123
334,14,210,124
335,14,210,125
336,14,210,126
337,14,210,127
338,14,210,128
339,14,210,129
340,14,210,130
341,14,210,131
342,14,210,132
343,14,210,133
344,14,210,134
345,14,210,135
346,14,210,136
347,14,210,137
348,14,210,138
349,14,210,139
350,14,210,140
351,14,210,141
352,14,210,142
353,14,210,143
354,14,210,144
355,14,210,145
356,14,210,146
357,14,210,147
358,14,210,148
359,14,210,149
360,14,210,150
361,14,210,151
362,14,210,152
363,14,210,153
364,14,210,154
365,14,210,155
366,14,210,156
367,14,210,157
368,14,210,158
369,14,210,159
370,14,210,160
371,14,210,161
372,14,210,162
373,14,210,163
374,14,210,164
375,14,210,165
376,14,210,166
377,14,210,167
378,14,210,168
379,14,210,169
380,14,210,170
381,14,210,171
382,14,210,172
383,14,210,173
384,14,210,174
385,14,210,175
386,14,210,176
387,14,210,177
388,14,210,178
389,14,210,179
390,14,210,180
391,14,210,181
392,14,210,182
393,14,210,183
394,14,210,184
395,14,210,185
396,14,210,186
397,14,210,187
398,14,210,188
399,14,210,189
400,14,210,190
401,14,210,191
402,14,210,192
403,14,210,193
404,14,210,194
405,14,210,195
406,14,210,196
407,14,210,197
408,14,210,198
409,14,210,199
410,14,210,200
411,14,210,201
412,14,210,202
413,14,210,203
414,14,210,204
415,14,210,205
416,14,210,206
417,14,210,207
418,14,210,208
419,14,210,209
420,14,210,210
421,14,210,211
422,14,210,212
423,14,210,213
424,14,210,214
425,14,210,215
426,14,210,216
427,14,210,217
428,14,210,218
429,14,210,219
430,14,210,220
431,14,210,221
432,14,210,222
433,14,210,223
434,14,210,224
435,14,210,225
436,14,210,226
437,14,210,227
438,14,210,228
439,14,210,229
440,14,210,230
441,14,210,231
442,14,210,232
443,14,210,233
444,14,210,234
445,14,210,235
446,14,210,236
447,14,210,237
448,14,210,238
449,14,210,239
450,14,210,240
451,14,210,241
452,14,210,242
453,14,210,243
454,14,210,244
455,14,210,245
456,14,210,246
457,14,210,247
458,14,210,248
459,14,210,249
460,14,210,250
461,14,210,251
462,14,210,252
463,14,210,253
464,14,210,254
465,14,210,255
466,14,210,256
467,14,210,257
468,14,210,258
469,14,210,259
470,14,210,260
471,14,210,261
472,14,210,262
473,14,210,263
474,14,210,264
475,14,210,265
476,14,210,266
477,14,210,267
478,14,210,268
479,14,210,269
480,14,210,270
481,14,210,271
482,14,210,272
483,14,210,273
484,14,210,274
485,14,210,275
486,14,210,276
487,14,210,277
488,14,210,278
489,14,210,279
490,14,210,280
491,14,210,281
492,14,210,282
493,14,210,283
494,14,210,284
495,14,210,285
496,14,210,286
497,14,210,287
498,14,210,288
499,14,210,289
500,14,210,290
501,14,210,291
502,14,210,292
503,14,210,293
504,14,210,294
505,14,210,295
506,14,210,296
507,14,210,297
508,14,210,298
509,14,210,299
510,14,210,300
511,14,210,301
512,14,210,302
513,14,210,303
514,14,210,304
515,14,210,305
516,14,210,306
517,14,210,307
518,14,210,308
519,14,210,309
520,14,210,310
521,14,210,311
522,14,210,312
523,14,210,313
524,14,210,314
525,14,210,315
526,14,210,316
527,14,210,317
528,14,210,318
529,14,210,319
530,14,210,320
531,14,210,321
532,14,210,322
533,14,210,323
534,14,210,324
535,14,210,325
536,14,210,326
537,14,210,327
538,14,210,328
539,14,210,329
540,14,210,330
541,14,210,331
542,14,210,332
543,14,210,333
544,14,210,334
545,14,210,335
546,14,210,336
547,14,210,337
548,14,210,338
549,14,210,339
550,14,210,340
551,14,210,341
552,14,210,342
553,14,210,343
554,14,210,344
555,14,210,345
556,14,210,346
557,14,210,347
558,14,210,348
559,14,210,349
560,14,560,0
561,14,560,1
562,14,560,2
563,14,560,3
564,14,560,4
565,14,560,5
566,14,560,6
567,14,560,7
568,14,560,8
569,14,560,9
570,14,560,10
571,14,560,11
572,14,560,12
573,14,560,13
574,14,574,0
575,14,574,1
576,14,574,2
577,14,574,3
578,14,574,4
579,14,574,5
580,14,574,6
581,14,574,7
582,14,574,8
583,14,574,9
584,14,574,10
585,14,574,11
586,14,574,12
587,14,574,13
588,14,574,14
589,14,574,15
590,14,574,16
591,14,574,17
592,14,574,18
593,14,574,19
594,14,574,20
595,14,574,21
596,14,574,22
597,14,574,23
598,14,574,24
599,14,574,25
600,14,574,26
601,14,574,27
602,14,574,28
603,14,574,29
604,14,574,30
605,14,574,31
606,14,574,32
607,14,574,33
608,14,574,34
609,14,574,35
610,14,574,36
611,14,574,37
612,14,574,38
613,14,574,39
614,14,574,40
615,14,574,41
616,14,574,42
617,14,574,43
618,14,574,44
619,14,574,45
620,14,574,46
621,14,574,47
622,14,574,48
623,14,574,49
624,14,574,50
625,14,574,51
626,14,574,52
627,14,574,53
628,14,574,54
629,14,574,55
630,14,574,56
631,14,574,57
632,14,574,58
633,14,574,59
634,14,574,60
635,14,574,61
636,14,574,62
637,14,574,63
638,14,574,64
639,14,574,65
640,14,574,66
641,14,574,67
642,14,574,68
643,14,574,69
644,14,574,70
645,14,574,71
646,14,574,72
647,14,574,73
648,14,574,74
649,14,574,75
650,14,574,76
651,14,574,77
652,14,574,78
653,14,574,79
654,14,574,80
655,14,574,81
656,14,574,82
657,14,574,83
658,14,574,84
659,14,574,85
660,14,574,86
661,14,574,87
662,14,574,88
663,14,574,89
664,14,574,90
665,14,665,0
666,14,665,1
667,14,665,2
668,14,665,3
669,14,665,4
670,14,665,5
671,14,665,6
672,14,665,7
673,14,665,8
674,14,665,9
675,14,665,10
676,14,665,11
677,14,665,12
678,14,665,13
679,14,665,14
680,14,665,15
681,14,665,16
682,14,665,17
683,14,665,18
684,14,665,19
685,14,665,20
686,14,665,21
687,14,665,22
688,14,665,23
689,14,665,24
690,14,665,25
691,14,665,26
692,14,665,27
693,14,665,28
694,14,665,29
695,14,665,30
696,14,665,31
697,14,665,32
698,14,665,33
699,14,665,34
700,14,665,35
701,14,665,36
702,14,665,37
703,14,665,38
704,14,665,39
705,14,665,40
706,14,665,41
707,14,665,42
708,14,665,43
709,14,665,44
710,14,665,45
711,14,665,46
712,14,665,47
713,14,665,48
714,14,665,49
715,14,665,50
716,14,665,51
717,14,665,52
718,14,665,53
719,14,665,54
720,14,665,55
721,14,665,56
722,14,665,57
723,14,665,58
724,14,665,59
725,14,665,60
726,14,665,61
727,14,665,62
728,14,665,63
729,14,665,64
730,14,665,65
731,14,665,66
732,14,665,67
733,14,665,68
734,14,665,69
735,14,665,70
736,14,665,71
737,14,665,72
738,14,665,73
739,14,665,74
740,14,665,75
741,14,665,76
742,14,665,77
743,14,665,78
744,14,665,79
745,14,665,80
746,14,665,81
747,14,665,82
748,14,665,83
749,14,665,84
750,14,665,85
751,14,665,86
752,14,665,87
753,14,665,88
754,14,665,89
755,14,665,90
756,14,665,91
757,14,665,92
758,14,665,93
759,14,665,94
760,14,665,95
761,14,665,96
762,14,665,97
763,14,665,98
764,14,665,99
765,14,665,100
766,14,665,101
767,14,665,102
768,14,665,103
769,14,665,104
770,14,665,105
771,14,665,106
772,14,665,107
773,14,665,108
774,14,665,109
775,14,665,110
776,14,665,111
777,14,665,112
778,14,665,113
779,14,665,114
780,14,665,115
781,14,665,116
782,14,665,117
783,14,665,118
784,14,665,119
785,14,665,120
786,14,665,121
787,14,665,122
788,14,665,123
789,14,665,124
790,14,665,125
791,14,665,126
792,14,665,127
793,14,665,128
794,14,665,129
795,14,665,130
796,14,665,131
797,14,665,132
798,14,665,133
799,14,665,134
800,14,665,135
801,14,665,136
802,14,665,137
803,14,665,138
804,14,665,139
805,14,665,140
806,14,665,141
807,14,665,142
808,14,665,143
809,14,665,144
810,14,665,145
811,14,665,146
812,14,665,147
813,14,665,148
814,14,665,149
815,14,665,150
816,14,665,151
817,14,665,152
818,14,665,153
819,14,665,154
820,14,665,155
821,14,665,156
822,14,665,157
823,14,665,158
824,14,665,159
825,14,665,160
826,14,665,161
827,14,665,162
828,14,665,163
829,14,665,164
830,14,665,165
831,14,665,166
832,14,665,167
833,14,665,168
834,14,665,169
835,14,665,170
836,14,665,171
837,14,665,172
838,14,665,173
839,14,665,174
840,14,665,175
841,14,665,176
842,14,665,177
843,14,665,178
844,14,665,179
845,14,665,180
846,14,665,181
847,14,665,182
848,14,665,183
849,14,665,184
850,14,665,185
851,14,665,186
852,14,665,187
853,14,665,188
854,14,665,189
855,14,665,190
856,14,665,191
857,14,665,192
858,14,665,193
859,14,665,194
860,14,665,195
861,14,665,196
862,14,665,197
863,14,665,198
864,14,665,199
865,14,665,200
866,14,665,201
867,14,665,202
868,14,665,203
869,14,665,204
870,14,665,205
871,14,665,206
872,14,665,207
873,14,665,208
874,14,665,209
875,14,665,210
876,14,665,211
877,14,665,212
878,14,665,213
879,14,665,214
880,14,665,215
881,14,665,216
882,14,665,217
883,14,665,218
884,14,665,219
885,14,665,220
886,14,665,221
887,14,665,222
888,14,665,223
889,14,665,224
890,14,665,225
891,14,665,226
892,14,665,227
893,14,665,228
894,14,665,229
895,14,665,230
896,14,665,231
897,14,665,232
898,14,665,233
899,14,665,234
900,14,665,235
901,14,665,236
902,14,665,237
903,14,665,238
904,14,665,239
905,14,665,240
906,14,665,241
907,14,665,242
908,14,665,243
909,14,665,244
910,14,665,245
911,14,665,246
912,14,665,247
913,14,665,248
914,14,665,249
915,14,665,250
916,14,665,251
917,14,665,252
918,14,665,253
919,14,665,254
920,14,665,255
921,14,665,256
922,14,665,257
923,14,665,258
924,14,665,259
925,14,665,260
926,14,665,261
927,14,665,262
928,14,665,263
929,14,665,264
930,14,665,265
931,14,665,266
932,14,665,267
933,14,665,268
934,14,665,269
935,14,665,270
936,14,665,271
937,14,665,272
938,14,665,273
939,14,665,274
940,14,665,275
941,14,665,276
942,14,665,277
943,14,665,278
944,14,665,279
945,14,665,280
946,14,665,281
947,14,665,282
948,14,665,283
949,14,665,284
950,14,665,285
951,14,665,286
952,14,665,287
953,14,665,288
954,14,665,289
955,14,665,290
956,14,665,291
957,14,665,292
958,14,665,293
959,14,665,294
960,14,665,295
961,14,665,296
962,14,665,297
963,14,665,298
964,14,665,299
965,14,665,300
966,14,665,301
967,14,665,302
968,14,665,303
969,14,665,304
970,14,665,305
971,14,665,306
972,14,665,307
973,14,665,308
974,14,665,309
975,14,665,310
976,14,665,311
977,14,665,312
978,14,665,313
979,14,665,314
980,14,665,315
981,14,665,316
982,14,665,317
983,14,665,318
984,14,665,319
985,14,665,320
986,14,665,321
987,14,665,322
988,14,665,323
989,14,665,324
990,14,665,325
991,14,665,326
992,14,665,327
993,14,665,328
994,14,665,329
995,14,665,330
996,14,665,331
997,14,665,332
998,14,665,333
999,14,665,334
1000,14,665,335
15,15,15,0
16,15,15,1
17,15,15,2
18,15,15,3
19,15,15,4
20,15,15,5
21,15,15,6
22,15,15,7
23,15,15,8
24,15,15,9
25,15,15,10
26,15,15,11
27,15,15,12
28,15,15,13
29,15,15,14
30,15,30,0
31,15,30,1
32,15,30,2
33,15,30,3
34,15,30,4
35,15,30,5
36,15,30,6
37,15,30,7
38,15,30,8
39,15,30,9
40,15,30,10
41,15,30,11
42,15,30,12
43,15,30,13
44,15,30,14
45,15,30,15
46,15,30,16
47,15,30,17
48,15,30,18
49,15,30,19
50,15,30,20
51,15,30,21
52,15,30,22
53,15,30,23
54,15,30,24
55,15,30,25
56,15,30,26
57,15,30,27
58,15,30,28
59,15,30,29
60,15,30,30
61,15,30,31
62,15,30,32
63,15,30,33
64,15,30,34
65,15,30,35
66,15,30,36
67,15,30,37
68,15,30,38
69,15,30,39
70,15,30,40
71,15,30,41
72,15,30,42
73,15,30,43
74,15,30,44
75,15,30,45
76,15,30,46
77,15,30,47
78,15,30,48
79,15,30,49
80,15,30,50
81,15,30,51
82,15,30,52
83,15,30,53
84,15,30,54
85,15,30,55
86,15,30,56
87,15,30,57
88,15,30,58
89,15,30,59
90,15,30,60
91,15,30,61
92,15,30,62
93,15,30,63
94,15,30,64
95,15,30,65
96,15,30,66
97,15,30,67
98,15,30,68
99,15,30,69
100,15,30,70
101,15,30,71
102,15,30,72
103,15,30,73
104,15,30,74
105,15,30,75
106,15,30,76
107,15,30,77
108,15,30,78
109,15,30,79
110,15,30,80
111,15,30,81
112,15,30,82
113,15,30,83
114,15,30,84
115,15,30,85
116,15,30,86
117,15,30,87
118,15,30,88
119,15,30,89
120,15,120,0
121,15,120,1
122,15,120,2
123,15,120,3
124,15,120,4
125,15,120,5
126,15,120,6
127,15,120,7
128,15,120,8
129,15,120,9
130,15,120,10
131,15,120,11
132,15,120,12
133,15,120,13
134,15,120,14
135,15,135,0
136,15,135,1
137,15,135,2
138,15,135,3
139,15,135,4
140,15,135,5
141,15,135,6
142,15,135,7
143,15,135,8
144,15,135,9
145,15,135,10
146,15,135,11
147,15,135,12
148,15,135,13
149,15,135,14
150,15,135,15
151,15,135,16
152,15,135,17
153,15,135,18
154,15,135,19
155,15,135,20
156,15,135,21
157,15,135,22
158,15,135,23
159,15,135,24
160,15,135,25
161,15,135,26
162,15,135,27
163,15,135,28
164,15,135,29
165,15,135,30
166,15,135,31
167,15,135,32
168,15,135,33
169,15,135,34
170,15,135,35
171,15,135,36
172,15,135,37
173,15,135,38
174,15,135,39
175,15,135,40
176,15,135,41
177,15,135,42
178,15,135,43
179,15,135,44
180,15,135,45
181,15,135,46
182,15,135,47
183,15,135,48
184,15,135,49
185,15,135,50
186,15,135,51
187,15,135,52
188,15,135,53
189,15,135,54
190,15,135,55
191,15,135,56
192,15,135,57
193,15,135,58
194,15,135,59
195,15,135,60
196,15,135,61
197,15,135,62
198,15,135,63
199,15,135,64
200,15,135,65
201,15,135,66
202,15,135,67
203,15,135,68
204,15,135,69
205,15,135,70
206,15,135,71
207,15,135,72
208,15,135,73
209,15,135,74
210,15,135,75
211,15,135,76
212,15,135,77
213,15,135,78
214,15,135,79
215,15,135,80
216,15,135,81
217,15,135,82
218,15,135,83
219,15,135,84
220,15,135,85
221,15,135,86
222,15,135,87
223,15,135,88
224,15,135,89
225,15,135,90
226,15,135,91
227,15,135,92
228,15,135,93
229,15,135,94
230,15,135,95
231,15,135,96
232,15,135,97
233,15,135,98
234,15,135,99
235,15,135,100
236,15,135,101
237,15,135,102
238,15,135,103
239,15,135,104
240,15,240,0
241,15,240,1
242,15,240,2
243,15,240,3
244,15,240,4
245,15,240,5
246,15,240,6
247,15,240,7
248,15,240,8
249,15,240,9
250,15,240,10
251,15,240,11
252,15,240,12
253,15,240,13
254,15,240,14
255,15,240,15
256,15,240,16
257,15,240,17
258,15,240,18
259,15,240,19
260,15,240,20
261,15,240,21
262,15,240,22
263,15,240,23
264,15,240,24
265,15,240,25
266,15,240,26
267,15,240,27
268,15,240,28
269,15,240,29
270,15,240,30
271,15,240,31
272,15,240,32
273,15,240,33
274,15,240,34
275,15,240,35
276,15,240,36
277,15,240,37
278,15,240,38
279,15,240,39
280,15,240,40
281,15,240,41
282,15,240,42
283,15,240,43
284,15,240,44
285,15,240,45
286,15,240,46
287,15,240,47
288,15,240,48
289,15,240,49
290,15,240,50
291,15,240,51
292,15,240,52
293,15,240,53
294,15,240,54
295,15,240,55
296,15,240,56
297,15,240,57
298,15,240,58
299,15,240,59
300,15,240,60
301,15,240,61
302,15,240,62
303,15,240,63
304,15,240,64
305,15,240,65
306,15,240,66
307,15,240,67
308,15,240,68
309,15,240,69
310,15,240,70
311,15,240,71
312,15,240,72
313,15,240,73
314,15,240,74
315,15,240,75
316,15,240,76
317,15,240,77
318,15,240,78
319,15,240,79
320,15,240,80
321,15,240,81
322,15,240,82
323,15,240,83
324,15,240,84
325,15,240,85
326,15,240,86
327,15,240,87
328,15,240,88
329,15,240,89
330,15,240,90
331,15,240,91
332,15,240,92
333,15,240,93
334,15,240,94
335,15,240,95
336,15,240,96
337,15,240,97
338,15,240,98
339,15,240,99
340,15,240,100
341,15,240,101
342,15,240,102
343,15,240,103
344,15,240,104
345,15,240,105
346,15,240,106
347,15,240,107
348,15,240,108
349,15,240,109
350,15,240,110
351,15,240,111
352,15,240,112
353,15,240,113
354,15,240,114
355,15,240,115
356,15,240,116
357,15,240,117
358,15,240,118
359,15,240,119
360,15,240,120
361,15,240,121
362,15,240,122
363,15,240,123
364,15,240,124
365,15,240,125
366,15,240,126
367,15,240,127
368,15,240,128
369,15,240,129
370,15,240,130
371,15,240,131
372,15,240,132
373,15,240,133
374,15,240,134
375,15,240,135
376,15,240,136
377,15,240,137
378,15,240,138
379,15,240,139
380,15,240,140
381,15,240,141
382,15,240,142
383,15,240,143
384,15,240,144
385,15,240,145
386,15,240,146
387,15,240,147
388,15,240,148
389,15,240,149
390,15,240,150
391,15,240,151
392,15,240,152
393,15,240,153
394,15,240,154
395,15,240,155
396,15,240,156
397,15,240,157
398,15,240,158
399,15,240,159
400,15,240,160
401,15,240,161
402,15,240,162
403,15,240,163
404,15,240,164
405,15,240,165
406,15,240,166
407,15,240,167
408,15,240,168
409,15,240,169
410,15,240,170
411,15,240,171
412,15,240,172
413,15,240,173
414,15,240,174
415,15,240,175
416,15,240,176
417,15,240,177
418,15,240,178
419,15,240,179
420,15,240,180
421,15,240,181
422,15,240,182
423,15,240,183
424,15,240,184
425,15,240,185
426,15,240,186
427,15,240,187
428,15,240,188
429,15,240,189
430,15,240,190
431,15,240,191
432,15,240,192
433,15,240,193
434,15,240,194
435,15,240,195
436,15,240,196
437,15,240,197
438,15,240,198
439,15,240,199
440,15,240,200
441,15,240,201
442,15,240,202
443,15,240,203
444,15,240,204
445,15,240,205
446,15,240,206
447,15,240,207
448,15,240,208
449,15,240,209
450,15,240,210
451,15,240,211
452,15,240,212
453,15,240,213
454,15,240,214
455,15,240,215
456,15,240,216
457,15,240,217
458,15,240,218
459,15,240,219
460,15,240,220
461,15,240,221
462,15,240,222
463,15,240,223
464,15,240,224
465,15,240,225
466,15,240,226
467,15,240,227
468,15,240,228
469,15,240,229
470,15,240,230
471,15,240,231
472,15,240,232
473,15,240,233
474,15,240,234
475,15,240,235
476,15,240,236
477,15,240,237
478,15,240,238
479,15,240,239
480,15,240,240
481,15,240,241
482,15,240,242
483,15,240,243
484,15,240,244
485,15,240,245
486,15,240,246
487,15,240,247
488,15,240,248
489,15,240,249
490,15,240,250
491,15,240,251
492,15,240,252
493,15,240,253
494,15,240,254
495,15,240,255
496,15,240,256
497,15,240,257
498,15,240,258
499,15,240,259
500,15,240,260
501,15,240,261
502,15,240,262
503,15,240,263
504,15,240,264
505,15,240,265
506,15,240,266
507,15,240,267
508,15,240,268
509,15,240,269
510,15,240,270
511,15,240,271
512,15,240,272
513,15,240,273
514,15,240,274
515,15,240,275
516,15,240,276
517,15,240,277
518,15,240,278
519,15,240,279
520,15,240,280
521,15,240,281
522,15,240,282
523,15,240,283
524,15,240,284
525,15,240,285
526,15,240,286
527,15,240,287
528,15,240,288
529,15,240,289
530,15,240,290
531,15,240,291
532,15,240,292
533,15,240,293
534,15,240,294
535,15,240,295
536,15,240,296
537,15,240,297
538,15,240,298
539,15,240,299
540,15,240,300
541,15,240,301
542,15,240,302
543,15,240,303
544,15,240,304
545,15,240,305
546,15,240,306
547,15,240,307
548,15,240,308
549,15,240,309
550,15,240,310
551,15,240,311
552,15,240,312
553,15,240,313
554,15,240,314
555,15,240,315
556,15,240,316
557,15,240,317
558,15,240,318
559,15,240,319
560,15,240,320
561,15,240,321
562,15,240,322
563,15,240,323
564,15,240,324
565,15,240,325
566,15,240,326
567,15,240,327
568,15,240,328
569,15,240,329
570,15,240,330
571,15,240,331
572,15,240,332
573,15,240,333
574,15,240,334
575,15,240,335
576,15,240,336
577,15,240,337
578,15,240,338
579,15,240,339
580,15,240,340
581,15,240,341
582,15,240,342
583,15,240,343
584,15,240,344
585,15,240,345
586,15,240,346
587,15,240,347
588,15,240,348
589,15,240,349
590,15,240,350
591,15,240,351
592,15,240,352
593,15,240,353
594,15,240,354
595,15,240,355
596,15,240,356
597,15,240,357
598,15,240,358
599,15,240,359
600,15,240,360
601,15,240,361
602,15,240,362
603,15,240,363
604,15,240,364
605,15,240,365
606,15,240,366
607,15,240,367
608,15,240,368
609,15,240,369
610,15,240,370
611,15,240,371
612,15,240,372
613,15,240,373
614,15,240,374
615,15,240,375
616,15,240,376
617,15,240,377
618,15,240,378
619,15,240,379
620,15,240,380
621,15,240,381
622,15,240,382
623,15,240,383
624,15,240,384
625,15,240,385
626,15,240,386
627,15,240,387
628,15,240,388
629,15,240,389
630,15,240,390
631,15,240,391
632,15,240,392
633,15,240,393
634,15,240,394
635,15,240,395
636,15,240,396
637,15,240,397
638,15,240,398
639,15,240,399
640,15,240,400
641,15,240,401
642,15,240,402
643,15,240,403
644,15,240,404
645,15,240,405
646,15,240,406
647,15,240,407
648,15,240,408
649,15,240,409
650,15,240,410
651,15,240,411
652,15,240,412
653,15,240,413
654,15,240,414
655,15,240,415
656,15,240,416
657,15,240,417
658,15,240,418
659,15,240,419
660,15,240,420
661,15,240,421
662,15,240,422
663,15,240,423
664,15,240,424
665,15,240,425
666,15,240,426
667,15,240,427
668,15,240,428
669,15,240,429
670,15,240,430
671,15,240,431
672,15,240,432
673,15,240,433
674,15,240,434
675,15,240,435
676,15,240,436
677,15,240,437
678,15,240,438
679,15,240,439
680,15,680,0
681,15,680,1
682,15,680,2
683,15,680,3
684,15,680,4
685,15,680,5
686,15,680,6
687,15,680,7
688,15,680,8
689,15,680,9
690,15,680,10
691,15,680,11
692,15,680,12
693,15,680,13
694,15,680,14
695,15,695,0
696,15,695,1
697,15,695,2
698,15,695,3
699,15,695,4
700,15,695,5
701,15,695,6
702,15,695,7
703,15,695,8
704,15,695,9
705,15,695,10
706,15,695,11
707,15,695,12
708,15,695,13
709,15,695,14
710,15,695,15
711,15,695,16
712,15,695,17
713,15,695,18
714,15,695,19
715,15,695,20
716,15,695,21
717,15,695,22
718,15,695,23
719,15,695,24
720,15,695,25
721,15,695,26
722,15,695,27
723,15,695,28
724,15,695,29
725,15,695,30
726,15,695,31
727,15,695,32
728,15,695,33
729,15,695,34
730,15,695,35
731,15,695,36
732,15,695,37
733,15,695,38
734,15,695,39
735,15,695,40
736,15,695,41
737,15,695,42
738,15,695,43
739,15,695,44
740,15,695,45
741,15,695,46
742,15,695,47
743,15,695,48
744,15,695,49
745,15,695,50
746,15,695,51
747,15,695,52
748,15,695,53
749,15,695,54
750,15,695,55
751,15,695,56
752,15,695,57
753,15,695,58
754,15,695,59
755,15,695,60
756,15,695,61
757,15,695,62
758,15,695,63
759,15,695,64
760,15,695,65
761,15,695,66
762,15,695,67
763,15,695,68
764,15,695,69
765,15,695,70
766,15,695,71
767,15,695,72
768,15,695,73
769,15,695,74
770,15,695,75
771,15,695,76
772,15,695,77
773,15,695,78
774,15,695,79
775,15,695,80
776,15,695,81
777,15,695,82
778,15,695,83
779,15,695,84
780,15,695,85
781,15,695,86
782,15,695,87
783,15,695,88
784,15,695,89
785,15,695,90
786,15,695,91
787,15,695,92
788,15,695,93
789,15,695,94
790,15,695,95
791,15,695,96
792,15,695,97
793,15,695,98
794,15,695,99
795,15,695,100
796,15,695,101
797,15,695,102
798,15,695,103
799,15,695,104
800,15,800,0
801,15,800,1
802,15,800,2
803,15,800,3
804,15,800,4
805,15,800,5
806,15,800,6
807,15,800,7
808,15,800,8
809,15,800,9
810,15,800,10
811,15,800,11
812,15,800,12
813,15,800,13
814,15,800,14
815,15,800,15
816,15,800,16
817,15,800,17
818,15,800,18
819,15,800,19
820,15,800,20
821,15,800,21
822,15,800,22
823,15,800,23
824,15,800,24
825,15,800,25
826,15,800,26
827,15,800,27
828,15,800,28
829,15,800,29
830,15,800,30
831,15,800,31
832,15,800,32
833,15,800,33
834,15,800,34
835,15,800,35
836,15,800,36
837,15,800,37
838,15,800,38
839,15,800,39
840,15,800,40
841,15,800,41
842,15,800,42
843,15,800,43
844,15,800,44
845,15,800,45
846,15,800,46
847,15,800,47
848,15,800,48
849,15,800,49
850,15,800,50
851,15,800,51
852,15,800,52
853,15,800,53
854,15,800,54
855,15,800,55
856,15,800,56
857,15,800,57
858,15,800,58
859,15,800,59
860,15,800,60
861,15,800,61
862,15,800,62
863,15,800,63
864,15,800,64
865,15,800,65
866,15,800,66
867,15,800,67
868,15,800,68
869,15,800,69
870,15,800,70
871,15,800,71
872,15,800,72
873,15,800,73
874,15,800,74
875,15,800,75
876,15,800,76
877,15,800,77
878,15,800,78
879,15,800,79
880,15,800,80
881,15,800,81
882,15,800,82
883,15,800,83
884,15,800,84
885,15,800,85
886,15,800,86
887,15,800,87
888,15,800,88
889,15,800,89
890,15,800,90
891,15,800,91
892,15,800,92
893,15,800,93
894,15,800,94
895,15,800,95
896,15,800,96
897,15,800,97
898,15,800,98
899,15,800,99
900,15,800,100
901,15,800,101
902,15,800,102
903,15,800,103
904,15,800,104
905,15,800,105
906,15,800,106
907,15,800,107
908,15,800,108
909,15,800,109
910,15,800,110
911,15,800,111
912,15,800,112
913,15,800,113
914,15,800,114
915,15,800,115
916,15,800,116
917,15,800,117
918,15,800,118
919,15,800,119
920,15,800,120
921,15,800,121
922,15,800,122
923,15,800,123
924,15,800,124
925,15,800,125
926,15,800,126
927,15,800,127
928,15,800,128
929,15,800,129
930,15,800,130
931,15,800,131
932,15,800,132
933,15,800,133
934,15,800,134
935,15,800,135
936,15,800,136
937,15,800,137
938,15,800,138
939,15,800,139
940,15,800,140
941,15,800,141
942,15,800,142
943,15,800,143
944,15,800,144
945,15,800,145
946,15,800,146
947,15,800,147
948,15,800,148
949,15,800,149
950,15,800,150
951,15,800,151
952,15,800,152
953,15,800,153
954,15,800,154
955,15,800,155
956,15,800,156
957,15,800,157
958,15,800,158
959,15,800,159
960,15,800,160
961,15,800,161
962,15,800,162
963,15,800,163
964,15,800,164
965,15,800,165
966,15,800,166
967,15,800,167
968,15,800,168
969,15,800,169
970,15,800,170
971,15,800,171
972,15,800,172
973,15,800,173
974,15,800,174
975,15,800,175
976,15,800,176
977,15,800,177
978,15,800,178
979,15,800,179
980,15,800,180
981,15,800,181
982,15,800,182
983,15,800,183
984,15,800,184
985,15,800,185
986,15,800,186
987,15,800,187
988,15,800,188
989,15,800,189
990,15,800,190
991,15,800,191
992,15,800,192
993,15,800,193
994,15,800,194
995,15,800,195
996,15,800,196
997,15,800,197
998,15,800,198
999,15,800,199
1000,15,800,200
